<?xml version="1.0" encoding="utf-8"?>
<!--Detailed report on module AccountTable-->
<CCCC_Project>
<module_summary>
<lines_of_code value="98" level="0" />
<lines_of_code_per_member_function value="******" level="0" />
<McCabes_cyclomatic_complexity value="21" level="0" />
<McCabes_cyclomatic_complexity_per_member_function value="******" level="2" />
<lines_of_code value="26" level="0" />
<lines_of_code_per_member_function value="********" level="2" />
<lines_of_code_per_line_of_comment value="3.769" level="0" />
<McCabes_cyclomatic_complexity_per_line_of_comment value="0.808" level="0" />
<weighted_methods_per_class_unity value="10" level="0" />
<weighted_methods_per_class_visibility value="10" level="0" />
<depth_of_inheritance_tree value="0" level="0" />
<number_of_children value="0" level="0" />
<coupling_between_objects value="1" level="0" />
<IF4 value="0" level="0" />
<IF4_per_member_function value="********" level="0" />
<IF4_visible value="0" level="0" />
<IF4_visible_per_member_function value="********" level="0" />
<IF4_concrete value="0" level="0" />
<IF4_concrete_per_member_function value="********" level="0" />
</module_summary>
<module_detail>
<description>definition</description>
<source_reference file="Account/accounttable.h" line="17" />
<lines_of_code value="3" level="0" />
<McCabes_cyclomatic_complexity value="0" level="0" />
<lines_of_comment value="5" level="0" />
<lines_of_code_per_line_of_comment value="------" level="0" />
<McCabes_cyclomatic_complexity_per_line_of_comment value="------" level="0" />
</module_detail>
<procedural_detail>
<member_function>
<name>AccountTable()</name>
<extent>
<description>definition</description>
<source_reference file="Account/accounttable.cpp" line="21" />
</extent>
<extent>
<description>declaration</description>
<source_reference file="Account/accounttable.h" line="19" />
</extent>
<lines_of_code value="3" level="0" />
<McCabes_cyclomatic_complexity value="0" level="0" />
<lines_of_comment value="0" level="0" />
<lines_of_code_per_line_of_comment value="------" level="0" />
<McCabes_cyclomatic_complexity_per_line_of_comment value="------" level="0" />
</member_function>
<member_function>
<name>CreateAccount(...)</name>
<extent>
<description>definition</description>
<source_reference file="Account/accounttable.cpp" line="107" />
</extent>
<extent>
<description>declaration</description>
<source_reference file="Account/accounttable.h" line="27" />
</extent>
<lines_of_code value="27" level="0" />
<McCabes_cyclomatic_complexity value="12" level="1" />
<lines_of_comment value="5" level="0" />
<lines_of_code_per_line_of_comment value="5.400" level="0" />
<McCabes_cyclomatic_complexity_per_line_of_comment value="2.400" level="0" />
</member_function>
<member_function>
<name>DeleteAccount(Account &amp;)</name>
<extent>
<description>definition</description>
<source_reference file="Account/accounttable.cpp" line="90" />
</extent>
<extent>
<description>declaration</description>
<source_reference file="Account/accounttable.h" line="56" />
</extent>
<lines_of_code value="12" level="0" />
<McCabes_cyclomatic_complexity value="2" level="0" />
<lines_of_comment value="4" level="0" />
<lines_of_code_per_line_of_comment value="------" level="0" />
<McCabes_cyclomatic_complexity_per_line_of_comment value="------" level="0" />
</member_function>
<member_function>
<name>Deposit(Account &amp;,double)</name>
<extent>
<description>definition</description>
<source_reference file="Account/accounttable.cpp" line="55" />
</extent>
<extent>
<description>declaration</description>
<source_reference file="Account/accounttable.h" line="36" />
</extent>
<lines_of_code value="13" level="0" />
<McCabes_cyclomatic_complexity value="2" level="0" />
<lines_of_comment value="0" level="0" />
<lines_of_code_per_line_of_comment value="------" level="0" />
<McCabes_cyclomatic_complexity_per_line_of_comment value="------" level="0" />
</member_function>
<member_function>
<name>FreezeAccount(Account &amp;)</name>
<extent>
<description>declaration</description>
<source_reference file="Account/accounttable.h" line="40" />
</extent>
<lines_of_code value="1" level="0" />
<McCabes_cyclomatic_complexity value="0" level="0" />
<lines_of_comment value="0" level="0" />
<lines_of_code_per_line_of_comment value="------" level="0" />
<McCabes_cyclomatic_complexity_per_line_of_comment value="------" level="0" />
</member_function>
<member_function>
<name>GetAccount(Account &amp;,int &amp;)</name>
<extent>
<description>definition</description>
<source_reference file="Account/accounttable.cpp" line="73" />
</extent>
<extent>
<description>declaration</description>
<source_reference file="Account/accounttable.h" line="38" />
</extent>
<lines_of_code value="13" level="0" />
<McCabes_cyclomatic_complexity value="2" level="0" />
<lines_of_comment value="0" level="0" />
<lines_of_code_per_line_of_comment value="------" level="0" />
<McCabes_cyclomatic_complexity_per_line_of_comment value="------" level="0" />
</member_function>
<member_function>
<name>ImbueAccount(...)</name>
<extent>
<description>definition</description>
<source_reference file="Account/accounttable.cpp" line="27" />
</extent>
<extent>
<description>declaration</description>
<source_reference file="Account/accounttable.h" line="50" />
</extent>
<lines_of_code value="9" level="0" />
<McCabes_cyclomatic_complexity value="1" level="0" />
<lines_of_comment value="7" level="0" />
<lines_of_code_per_line_of_comment value="------" level="0" />
<McCabes_cyclomatic_complexity_per_line_of_comment value="------" level="0" />
</member_function>
<member_function>
<name>UnFreezeAccount(Account &amp;)</name>
<extent>
<description>declaration</description>
<source_reference file="Account/accounttable.h" line="42" />
</extent>
<lines_of_code value="1" level="0" />
<McCabes_cyclomatic_complexity value="0" level="0" />
<lines_of_comment value="0" level="0" />
<lines_of_code_per_line_of_comment value="------" level="0" />
<McCabes_cyclomatic_complexity_per_line_of_comment value="------" level="0" />
</member_function>
<member_function>
<name>Withdraw(Account &amp;,double)</name>
<extent>
<description>definition</description>
<source_reference file="Account/accounttable.cpp" line="38" />
</extent>
<extent>
<description>declaration</description>
<source_reference file="Account/accounttable.h" line="34" />
</extent>
<lines_of_code value="13" level="0" />
<McCabes_cyclomatic_complexity value="2" level="0" />
<lines_of_comment value="5" level="0" />
<lines_of_code_per_line_of_comment value="------" level="0" />
<McCabes_cyclomatic_complexity_per_line_of_comment value="------" level="0" />
</member_function>
<member_function>
<name>~AccountTable()</name>
<extent>
<description>definition</description>
<source_reference file="Account/accounttable.cpp" line="24" />
</extent>
<extent>
<description>declaration</description>
<source_reference file="Account/accounttable.h" line="20" />
</extent>
<lines_of_code value="3" level="0" />
<McCabes_cyclomatic_complexity value="0" level="0" />
<lines_of_comment value="0" level="0" />
<lines_of_code_per_line_of_comment value="------" level="0" />
<McCabes_cyclomatic_complexity_per_line_of_comment value="------" level="0" />
</member_function>
</procedural_detail>
<structural_detail>
<module>
<name>AccountTable</name>
<client_module>
</client_module>
<supplier_module>
<name>Account</name>
<visible>true</visible>
<concrete>false</concrete>
<extent>
<description>pass by reference</description>
<source_reference file="Account/accounttable.cpp" line="38" />
</extent>
<extent>
<description>pass by reference</description>
<source_reference file="Account/accounttable.cpp" line="55" />
</extent>
<extent>
<description>pass by reference</description>
<source_reference file="Account/accounttable.cpp" line="73" />
</extent>
<extent>
<description>pass by reference</description>
<source_reference file="Account/accounttable.cpp" line="90" />
</extent>
<extent>
<description>pass by reference</description>
<source_reference file="Account/accounttable.h" line="34" />
</extent>
<extent>
<description>pass by reference</description>
<source_reference file="Account/accounttable.h" line="36" />
</extent>
<extent>
<description>pass by reference</description>
<source_reference file="Account/accounttable.h" line="38" />
</extent>
<extent>
<description>pass by reference</description>
<source_reference file="Account/accounttable.h" line="40" />
</extent>
<extent>
<description>pass by reference</description>
<source_reference file="Account/accounttable.h" line="42" />
</extent>
<extent>
<description>pass by reference</description>
<source_reference file="Account/accounttable.h" line="56" />
</extent>
</supplier_module>
</module>
</structural_detail>
</CCCC_Project>
