<?xml version="1.0" encoding="utf-8"?>
<!--Detailed report on module Account-->
<CCCC_Project>
<module_summary>
<lines_of_code value="31" level="0" />
<lines_of_code_per_member_function value="******" level="0" />
<McCabes_cyclomatic_complexity value="4" level="0" />
<McCabes_cyclomatic_complexity_per_member_function value="******" level="2" />
<lines_of_code value="21" level="0" />
<lines_of_code_per_member_function value="********" level="2" />
<lines_of_code_per_line_of_comment value="1.476" level="0" />
<McCabes_cyclomatic_complexity_per_line_of_comment value="------" level="0" />
<weighted_methods_per_class_unity value="6" level="0" />
<weighted_methods_per_class_visibility value="5" level="0" />
<depth_of_inheritance_tree value="0" level="0" />
<number_of_children value="3" level="0" />
<coupling_between_objects value="7" level="0" />
<IF4 value="0" level="0" />
<IF4_per_member_function value="********" level="0" />
<IF4_visible value="0" level="0" />
<IF4_visible_per_member_function value="********" level="0" />
<IF4_concrete value="0" level="0" />
<IF4_concrete_per_member_function value="********" level="0" />
</module_summary>
<module_detail>
<description>definition</description>
<source_reference file="Account/account.h" line="31" />
<lines_of_code value="7" level="0" />
<McCabes_cyclomatic_complexity value="0" level="0" />
<lines_of_comment value="0" level="0" />
<lines_of_code_per_line_of_comment value="------" level="0" />
<McCabes_cyclomatic_complexity_per_line_of_comment value="------" level="0" />
</module_detail>
<procedural_detail>
<member_function>
<name>Account()</name>
<extent>
<description>definition</description>
<source_reference file="Account/account.h" line="41" />
</extent>
<lines_of_code value="4" level="0" />
<McCabes_cyclomatic_complexity value="0" level="0" />
<lines_of_comment value="3" level="0" />
<lines_of_code_per_line_of_comment value="------" level="0" />
<McCabes_cyclomatic_complexity_per_line_of_comment value="------" level="0" />
</member_function>
<member_function>
<name>Account(double)</name>
<extent>
<description>definition</description>
<source_reference file="Account/account.h" line="50" />
</extent>
<lines_of_code value="4" level="0" />
<McCabes_cyclomatic_complexity value="0" level="0" />
<lines_of_comment value="4" level="0" />
<lines_of_code_per_line_of_comment value="------" level="0" />
<McCabes_cyclomatic_complexity_per_line_of_comment value="------" level="0" />
</member_function>
<member_function>
<name>deposit(double)</name>
<extent>
<description>definition</description>
<source_reference file="Account/account.cpp" line="6" />
</extent>
<extent>
<description>declaration</description>
<source_reference file="Account/account.h" line="60" />
</extent>
<lines_of_code value="4" level="0" />
<McCabes_cyclomatic_complexity value="1" level="0" />
<lines_of_comment value="5" level="0" />
<lines_of_code_per_line_of_comment value="------" level="0" />
<McCabes_cyclomatic_complexity_per_line_of_comment value="------" level="0" />
</member_function>
<member_function>
<name>getBalance()</name>
<extent>
<description>definition</description>
<source_reference file="Account/account.cpp" line="15" />
</extent>
<extent>
<description>declaration</description>
<source_reference file="Account/account.h" line="73" />
</extent>
<lines_of_code value="4" level="0" />
<McCabes_cyclomatic_complexity value="1" level="0" />
<lines_of_comment value="4" level="0" />
<lines_of_code_per_line_of_comment value="------" level="0" />
<McCabes_cyclomatic_complexity_per_line_of_comment value="------" level="0" />
</member_function>
<member_function>
<name>get_input(double)</name>
<extent>
<description>definition</description>
<source_reference file="Account/account.cpp" line="19" />
</extent>
<extent>
<description>declaration</description>
<source_reference file="Account/account.h" line="76" />
</extent>
<lines_of_code value="4" level="0" />
<McCabes_cyclomatic_complexity value="1" level="0" />
<lines_of_comment value="0" level="0" />
<lines_of_code_per_line_of_comment value="------" level="0" />
<McCabes_cyclomatic_complexity_per_line_of_comment value="------" level="0" />
</member_function>
<member_function>
<name>withdrawl(double)</name>
<extent>
<description>definition</description>
<source_reference file="Account/account.cpp" line="11" />
</extent>
<extent>
<description>declaration</description>
<source_reference file="Account/account.h" line="67" />
</extent>
<lines_of_code value="4" level="0" />
<McCabes_cyclomatic_complexity value="1" level="0" />
<lines_of_comment value="5" level="0" />
<lines_of_code_per_line_of_comment value="------" level="0" />
<McCabes_cyclomatic_complexity_per_line_of_comment value="------" level="0" />
</member_function>
</procedural_detail>
<structural_detail>
<module>
<name>Account</name>
<client_module>
<name>AccountTable</name>
<visible>true</visible>
<concrete>false</concrete>
<extent>
<description>pass by reference</description>
<source_reference file="Account/accounttable.cpp" line="38" />
</extent>
<extent>
<description>pass by reference</description>
<source_reference file="Account/accounttable.cpp" line="55" />
</extent>
<extent>
<description>pass by reference</description>
<source_reference file="Account/accounttable.cpp" line="73" />
</extent>
<extent>
<description>pass by reference</description>
<source_reference file="Account/accounttable.cpp" line="90" />
</extent>
<extent>
<description>pass by reference</description>
<source_reference file="Account/accounttable.h" line="34" />
</extent>
<extent>
<description>pass by reference</description>
<source_reference file="Account/accounttable.h" line="36" />
</extent>
<extent>
<description>pass by reference</description>
<source_reference file="Account/accounttable.h" line="38" />
</extent>
<extent>
<description>pass by reference</description>
<source_reference file="Account/accounttable.h" line="40" />
</extent>
<extent>
<description>pass by reference</description>
<source_reference file="Account/accounttable.h" line="42" />
</extent>
<extent>
<description>pass by reference</description>
<source_reference file="Account/accounttable.h" line="56" />
</extent>
<name>ChequingAccount</name>
<visible>true</visible>
<concrete>true</concrete>
<extent>
<description>inheritance</description>
<source_reference file="Account/chequingaccount.h" line="8" />
</extent>
<name>CreditAccount</name>
<visible>true</visible>
<concrete>true</concrete>
<extent>
<description>inheritance</description>
<source_reference file="Account/creditaccount.h" line="8" />
</extent>
<name>FundMovementValidation</name>
<visible>true</visible>
<concrete>false</concrete>
<extent>
<description>pass by reference</description>
<source_reference file="Account/fundmovementvalidation.cpp" line="10" />
</extent>
<extent>
<description>pass by reference</description>
<source_reference file="Account/fundmovementvalidation.cpp" line="11" />
</extent>
<extent>
<description>pass by reference</description>
<source_reference file="Account/fundmovementvalidation.cpp" line="20" />
</extent>
<extent>
<description>pass by reference</description>
<source_reference file="Account/fundmovementvalidation.cpp" line="79" />
</extent>
<extent>
<description>pass by reference</description>
<source_reference file="Account/fundmovementvalidation.cpp" line="98" />
</extent>
<extent>
<description>pass by reference</description>
<source_reference file="Account/fundmovementvalidation.cpp" line="98" />
</extent>
<extent>
<description>pass by reference</description>
<source_reference file="Account/fundmovementvalidation.h" line="26" />
</extent>
<extent>
<description>pass by reference</description>
<source_reference file="Account/fundmovementvalidation.h" line="26" />
</extent>
<extent>
<description>pass by reference</description>
<source_reference file="Account/fundmovementvalidation.h" line="35" />
</extent>
<extent>
<description>pass by reference</description>
<source_reference file="Account/fundmovementvalidation.h" line="43" />
</extent>
<extent>
<description>pass by reference</description>
<source_reference file="Account/fundmovementvalidation.h" line="45" />
</extent>
<extent>
<description>pass by reference</description>
<source_reference file="Account/fundmovementvalidation.h" line="45" />
</extent>
<extent>
<description>pass by reference</description>
<source_reference file="Account/fundmovementvalidation.h" line="48" />
</extent>
<extent>
<description>pass by reference</description>
<source_reference file="Account/fundmovementvalidation.h" line="50" />
</extent>
<name>Payment</name>
<visible>true</visible>
<concrete>true</concrete>
<extent>
<description>has by value</description>
<source_reference file="Payment/payment.h" line="30" />
</extent>
<name>Purchase</name>
<visible>true</visible>
<concrete>true</concrete>
<extent>
<description>has by value</description>
<source_reference file="Purchase/purchase.h" line="30" />
</extent>
<name>SavingsAccount</name>
<visible>true</visible>
<concrete>true</concrete>
<extent>
<description>inheritance</description>
<source_reference file="Account/savingsaccount.h" line="8" />
</extent>
</client_module>
<supplier_module>
</supplier_module>
</module>
</structural_detail>
</CCCC_Project>
