<?xml version="1.0" encoding="utf-8"?>
<!--Detailed report on module anonymous-->
<CCCC_Project>
<module_summary>
<lines_of_code value="163" level="0" />
<lines_of_code_per_member_function value="******" level="0" />
<McCabes_cyclomatic_complexity value="34" level="0" />
<McCabes_cyclomatic_complexity_per_member_function value="******" level="2" />
<lines_of_code value="114" level="0" />
<lines_of_code_per_member_function value="********" level="2" />
<lines_of_code_per_line_of_comment value="1.430" level="0" />
<McCabes_cyclomatic_complexity_per_line_of_comment value="0.298" level="0" />
<weighted_methods_per_class_unity value="9" level="0" />
<weighted_methods_per_class_visibility value="0" level="0" />
<depth_of_inheritance_tree value="0" level="0" />
<number_of_children value="0" level="0" />
<coupling_between_objects value="0" level="0" />
<IF4 value="0" level="0" />
<IF4_per_member_function value="********" level="0" />
<IF4_visible value="0" level="0" />
<IF4_visible_per_member_function value="********" level="0" />
<IF4_concrete value="0" level="0" />
<IF4_concrete_per_member_function value="********" level="0" />
</module_summary>
<module_detail>
</module_detail>
<procedural_detail>
<member_function>
<name>CommandList()</name>
<extent>
<description>definition</description>
<source_reference file="VendorSystem/dispatchloop.cpp" line="67" />
</extent>
<extent>
<description>definition</description>
<source_reference file="dispatchloop.cpp" line="70" />
</extent>
<lines_of_code value="12" level="0" />
<McCabes_cyclomatic_complexity value="0" level="0" />
<lines_of_comment value="8" level="0" />
<lines_of_code_per_line_of_comment value="------" level="0" />
<McCabes_cyclomatic_complexity_per_line_of_comment value="------" level="0" />
</member_function>
<member_function>
<name>DispatchLoop()</name>
<extent>
<description>definition</description>
<source_reference file="VendorSystem/dispatchloop.cpp" line="79" />
</extent>
<extent>
<description>declaration</description>
<source_reference file="VendorSystem/dispatchloop.h" line="10" />
</extent>
<extent>
<description>definition</description>
<source_reference file="dispatchloop.cpp" line="82" />
</extent>
<extent>
<description>declaration</description>
<source_reference file="main.cpp" line="6" />
</extent>
<extent>
<description>declaration</description>
<source_reference file="dispatchloop.h" line="10" />
</extent>
<lines_of_code value="51" level="1" />
<McCabes_cyclomatic_complexity value="12" level="1" />
<lines_of_comment value="9" level="0" />
<lines_of_code_per_line_of_comment value="5.667" level="0" />
<McCabes_cyclomatic_complexity_per_line_of_comment value="1.333" level="0" />
</member_function>
<member_function>
<name>PrintBanner()</name>
<extent>
<description>definition</description>
<source_reference file="main.cpp" line="9" />
</extent>
<lines_of_code value="3" level="0" />
<McCabes_cyclomatic_complexity value="0" level="0" />
<lines_of_comment value="1" level="0" />
<lines_of_code_per_line_of_comment value="------" level="0" />
<McCabes_cyclomatic_complexity_per_line_of_comment value="------" level="0" />
</member_function>
<member_function>
<name>PrintHelp(const char *)</name>
<extent>
<description>definition</description>
<source_reference file="main.cpp" line="18" />
</extent>
<lines_of_code value="3" level="0" />
<McCabes_cyclomatic_complexity value="0" level="0" />
<lines_of_comment value="5" level="0" />
<lines_of_code_per_line_of_comment value="------" level="0" />
<McCabes_cyclomatic_complexity_per_line_of_comment value="------" level="0" />
</member_function>
<member_function>
<name>clearScreen()</name>
<extent>
<description>declaration</description>
<source_reference file="VendorSystem/dispatchloop.h" line="4" />
</extent>
<extent>
<description>declaration</description>
<source_reference file="dispatchloop.h" line="4" />
</extent>
<lines_of_code value="2" level="0" />
<McCabes_cyclomatic_complexity value="0" level="0" />
<lines_of_comment value="0" level="0" />
<lines_of_code_per_line_of_comment value="------" level="0" />
<McCabes_cyclomatic_complexity_per_line_of_comment value="------" level="0" />
</member_function>
<member_function>
<name>commandList()</name>
<extent>
<description>declaration</description>
<source_reference file="VendorSystem/dispatchloop.h" line="8" />
</extent>
<extent>
<description>declaration</description>
<source_reference file="dispatchloop.h" line="8" />
</extent>
<lines_of_code value="2" level="0" />
<McCabes_cyclomatic_complexity value="0" level="0" />
<lines_of_comment value="0" level="0" />
<lines_of_code_per_line_of_comment value="------" level="0" />
<McCabes_cyclomatic_complexity_per_line_of_comment value="------" level="0" />
</member_function>
<member_function>
<name>login()</name>
<extent>
<description>definition</description>
<source_reference file="VendorSystem/dispatchloop.cpp" line="17" />
</extent>
<extent>
<description>declaration</description>
<source_reference file="VendorSystem/dispatchloop.h" line="6" />
</extent>
<extent>
<description>definition</description>
<source_reference file="dispatchloop.cpp" line="19" />
</extent>
<extent>
<description>declaration</description>
<source_reference file="dispatchloop.h" line="6" />
</extent>
<lines_of_code value="69" level="1" />
<McCabes_cyclomatic_complexity value="18" level="1" />
<lines_of_comment value="12" level="0" />
<lines_of_code_per_line_of_comment value="5.750" level="0" />
<McCabes_cyclomatic_complexity_per_line_of_comment value="1.500" level="0" />
</member_function>
<member_function>
<name>main()</name>
<extent>
<description>definition</description>
<source_reference file="testAccounts.cpp" line="17" />
</extent>
<lines_of_code value="5" level="0" />
<McCabes_cyclomatic_complexity value="0" level="0" />
<lines_of_comment value="68" level="0" />
<lines_of_code_per_line_of_comment value="------" level="0" />
<McCabes_cyclomatic_complexity_per_line_of_comment value="------" level="0" />
</member_function>
<member_function>
<name>main(...)</name>
<extent>
<description>definition</description>
<source_reference file="VendorSystem/main.cpp" line="10" />
</extent>
<extent>
<description>definition</description>
<source_reference file="main.cpp" line="23" />
</extent>
<lines_of_code value="16" level="0" />
<McCabes_cyclomatic_complexity value="4" level="0" />
<lines_of_comment value="11" level="0" />
<lines_of_code_per_line_of_comment value="------" level="0" />
<McCabes_cyclomatic_complexity_per_line_of_comment value="------" level="0" />
</member_function>
</procedural_detail>
<structural_detail>
<module>
<name>anonymous</name>
<client_module>
</client_module>
<supplier_module>
</supplier_module>
</module>
</structural_detail>
</CCCC_Project>
