<?xml version="1.0" encoding="utf-8"?>
<!--Report on software metrics-->
<CCCC_Project>
<timestamp>Tue Dec  2 16:14:57 2014
</timestamp>
<project_summary>
<number_of_modules value="24" level="0" />
<lines_of_code value="2283" level="0" />
<lines_of_code_per_module value="95.125" level="0" />
<McCabes_cyclomatic_complexity value="392" level="0" />
<McCabes_cyclomatic_complexity_per_module value="16.333" level="0" />
<lines_of_comment value="595" level="0" />
<lines_of_comment_per_module value="24.792" level="0" />
<lines_of_code_per_line_of_comment value="3.837" level="0" />
<McCabes_cyclomatic_complexity_per_line_of_comment value="0.659" level="0" />
<IF4 value="1603" level="0" />
<IF4_per_module value="66.792" level="0" />
<IF4_visible value="1603" level="0" />
<IF4_visible_per_module value="66.792" level="0" />
<IF4_concrete value="103" level="0" />
<IF4_concrete value="4.292" level="0" />
<rejected_lines_of_code value="80" level="0" />
</project_summary>
<procedural_summary>
<module>
<name>Account</name>
<lines_of_code value="31" level="0" />
<McCabes_cyclomatic_complexity value="4" level="0" />
<lines_of_comment value="21" level="0" />
<lines_of_code_per_line_of_comment value="1.476" level="0" />
<McCabes_cyclomatic_complexity_per_line_of_comment value="------" level="0" />
</module>
<module>
<name>AccountTable</name>
<lines_of_code value="98" level="0" />
<McCabes_cyclomatic_complexity value="21" level="0" />
<lines_of_comment value="26" level="0" />
<lines_of_code_per_line_of_comment value="3.769" level="0" />
<McCabes_cyclomatic_complexity_per_line_of_comment value="0.808" level="0" />
</module>
<module>
<name>ChequingAccount</name>
<lines_of_code value="65" level="0" />
<McCabes_cyclomatic_complexity value="18" level="0" />
<lines_of_comment value="15" level="0" />
<lines_of_code_per_line_of_comment value="4.333" level="0" />
<McCabes_cyclomatic_complexity_per_line_of_comment value="1.200" level="0" />
</module>
<module>
<name>CreditAccount</name>
<lines_of_code value="18" level="0" />
<McCabes_cyclomatic_complexity value="2" level="0" />
<lines_of_comment value="9" level="0" />
<lines_of_code_per_line_of_comment value="------" level="0" />
<McCabes_cyclomatic_complexity_per_line_of_comment value="------" level="0" />
</module>
<module>
<name>Db</name>
<lines_of_code value="88" level="0" />
<McCabes_cyclomatic_complexity value="16" level="0" />
<lines_of_comment value="56" level="0" />
<lines_of_code_per_line_of_comment value="1.571" level="0" />
<McCabes_cyclomatic_complexity_per_line_of_comment value="0.286" level="0" />
</module>
<module>
<name>FundMovementValidation</name>
<lines_of_code value="115" level="0" />
<McCabes_cyclomatic_complexity value="14" level="0" />
<lines_of_comment value="28" level="0" />
<lines_of_code_per_line_of_comment value="4.107" level="0" />
<McCabes_cyclomatic_complexity_per_line_of_comment value="0.500" level="0" />
</module>
<module>
<name>Logger</name>
<lines_of_code value="147" level="0" />
<McCabes_cyclomatic_complexity value="23" level="0" />
<lines_of_comment value="46" level="0" />
<lines_of_code_per_line_of_comment value="3.196" level="0" />
<McCabes_cyclomatic_complexity_per_line_of_comment value="0.500" level="0" />
</module>
<module>
<name>MYSQL</name>
<lines_of_code value="0" level="0" />
<McCabes_cyclomatic_complexity value="0" level="0" />
<lines_of_comment value="0" level="0" />
<lines_of_code_per_line_of_comment value="------" level="0" />
<McCabes_cyclomatic_complexity_per_line_of_comment value="------" level="0" />
</module>
<module>
<name>MaintenanceMethods</name>
<lines_of_code value="79" level="0" />
<McCabes_cyclomatic_complexity value="15" level="0" />
<lines_of_comment value="16" level="0" />
<lines_of_code_per_line_of_comment value="4.937" level="0" />
<McCabes_cyclomatic_complexity_per_line_of_comment value="0.937" level="0" />
</module>
<module>
<name>ManagerMethods</name>
<lines_of_code value="513" level="1" />
<McCabes_cyclomatic_complexity value="100" level="0" />
<lines_of_comment value="34" level="0" />
<lines_of_code_per_line_of_comment value="15.088" level="1" />
<McCabes_cyclomatic_complexity_per_line_of_comment value="2.941" level="0" />
</module>
<module>
<name>Payment</name>
<lines_of_code value="15" level="0" />
<McCabes_cyclomatic_complexity value="0" level="0" />
<lines_of_comment value="12" level="0" />
<lines_of_code_per_line_of_comment value="------" level="0" />
<McCabes_cyclomatic_complexity_per_line_of_comment value="------" level="0" />
</module>
<module>
<name>PaymentTable</name>
<lines_of_code value="60" level="0" />
<McCabes_cyclomatic_complexity value="7" level="0" />
<lines_of_comment value="6" level="0" />
<lines_of_code_per_line_of_comment value="10.000" level="1" />
<McCabes_cyclomatic_complexity_per_line_of_comment value="1.167" level="0" />
</module>
<module>
<name>Purchase</name>
<lines_of_code value="15" level="0" />
<McCabes_cyclomatic_complexity value="0" level="0" />
<lines_of_comment value="12" level="0" />
<lines_of_code_per_line_of_comment value="------" level="0" />
<McCabes_cyclomatic_complexity_per_line_of_comment value="------" level="0" />
</module>
<module>
<name>PurchaseTable</name>
<lines_of_code value="60" level="0" />
<McCabes_cyclomatic_complexity value="7" level="0" />
<lines_of_comment value="6" level="0" />
<lines_of_code_per_line_of_comment value="10.000" level="1" />
<McCabes_cyclomatic_complexity_per_line_of_comment value="1.167" level="0" />
</module>
<module>
<name>SavingsAccount</name>
<lines_of_code value="20" level="0" />
<McCabes_cyclomatic_complexity value="2" level="0" />
<lines_of_comment value="12" level="0" />
<lines_of_code_per_line_of_comment value="1.667" level="0" />
<McCabes_cyclomatic_complexity_per_line_of_comment value="------" level="0" />
</module>
<module>
<name>User</name>
<lines_of_code value="24" level="0" />
<McCabes_cyclomatic_complexity value="0" level="0" />
<lines_of_comment value="0" level="0" />
<lines_of_code_per_line_of_comment value="******" level="2" />
<McCabes_cyclomatic_complexity_per_line_of_comment value="------" level="0" />
</module>
<module>
<name>UserMethods</name>
<lines_of_code value="391" level="0" />
<McCabes_cyclomatic_complexity value="80" level="0" />
<lines_of_comment value="35" level="0" />
<lines_of_code_per_line_of_comment value="11.171" level="1" />
<McCabes_cyclomatic_complexity_per_line_of_comment value="2.286" level="0" />
</module>
<module>
<name>UserTable</name>
<lines_of_code value="178" level="0" />
<McCabes_cyclomatic_complexity value="29" level="0" />
<lines_of_comment value="48" level="0" />
<lines_of_code_per_line_of_comment value="3.708" level="0" />
<McCabes_cyclomatic_complexity_per_line_of_comment value="0.604" level="0" />
</module>
<module>
<name>Utilities</name>
<lines_of_code value="30" level="0" />
<McCabes_cyclomatic_complexity value="3" level="0" />
<lines_of_comment value="17" level="0" />
<lines_of_code_per_line_of_comment value="1.765" level="0" />
<McCabes_cyclomatic_complexity_per_line_of_comment value="------" level="0" />
</module>
<module>
<name>anonymous</name>
<lines_of_code value="163" level="0" />
<McCabes_cyclomatic_complexity value="34" level="0" />
<lines_of_comment value="114" level="0" />
<lines_of_code_per_line_of_comment value="1.430" level="0" />
<McCabes_cyclomatic_complexity_per_line_of_comment value="0.298" level="0" />
</module>
<module>
<name>bool</name>
<lines_of_code value="0" level="0" />
<McCabes_cyclomatic_complexity value="0" level="0" />
<lines_of_comment value="0" level="0" />
<lines_of_code_per_line_of_comment value="------" level="0" />
<McCabes_cyclomatic_complexity_per_line_of_comment value="------" level="0" />
</module>
<module>
<name>string</name>
<lines_of_code value="0" level="0" />
<McCabes_cyclomatic_complexity value="0" level="0" />
<lines_of_comment value="0" level="0" />
<lines_of_code_per_line_of_comment value="------" level="0" />
<McCabes_cyclomatic_complexity_per_line_of_comment value="------" level="0" />
</module>
<module>
<name>usermethods</name>
<lines_of_code value="89" level="0" />
<McCabes_cyclomatic_complexity value="17" level="0" />
<lines_of_comment value="15" level="0" />
<lines_of_code_per_line_of_comment value="5.933" level="0" />
<McCabes_cyclomatic_complexity_per_line_of_comment value="1.133" level="0" />
</module>
<module>
<name>vector</name>
<lines_of_code value="0" level="0" />
<McCabes_cyclomatic_complexity value="0" level="0" />
<lines_of_comment value="0" level="0" />
<lines_of_code_per_line_of_comment value="------" level="0" />
<McCabes_cyclomatic_complexity_per_line_of_comment value="------" level="0" />
</module>
</procedural_summary>
<oo_design>
<module>
<name>Account</name>
<weighted_methods_per_class_unity value="6" level="0" />
<weighted_methods_per_class_visibility value="5" level="0" />
<depth_of_inheritance_tree value="0" level="0" />
<number_of_children value="3" level="0" />
<coupling_between_objects value="7" level="0" />
</module>
<module>
<name>AccountTable</name>
<weighted_methods_per_class_unity value="10" level="0" />
<weighted_methods_per_class_visibility value="10" level="0" />
<depth_of_inheritance_tree value="0" level="0" />
<number_of_children value="0" level="0" />
<coupling_between_objects value="1" level="0" />
</module>
<module>
<name>ChequingAccount</name>
<weighted_methods_per_class_unity value="4" level="0" />
<weighted_methods_per_class_visibility value="3" level="0" />
<depth_of_inheritance_tree value="1" level="0" />
<number_of_children value="0" level="0" />
<coupling_between_objects value="2" level="0" />
</module>
<module>
<name>CreditAccount</name>
<weighted_methods_per_class_unity value="4" level="0" />
<weighted_methods_per_class_visibility value="4" level="0" />
<depth_of_inheritance_tree value="1" level="0" />
<number_of_children value="0" level="0" />
<coupling_between_objects value="2" level="0" />
</module>
<module>
<name>Db</name>
<weighted_methods_per_class_unity value="12" level="0" />
<weighted_methods_per_class_visibility value="2" level="0" />
<depth_of_inheritance_tree value="0" level="0" />
<number_of_children value="0" level="0" />
<coupling_between_objects value="3" level="0" />
</module>
<module>
<name>FundMovementValidation</name>
<weighted_methods_per_class_unity value="7" level="0" />
<weighted_methods_per_class_visibility value="4" level="0" />
<depth_of_inheritance_tree value="0" level="0" />
<number_of_children value="0" level="0" />
<coupling_between_objects value="2" level="0" />
</module>
<module>
<name>Logger</name>
<weighted_methods_per_class_unity value="10" level="0" />
<weighted_methods_per_class_visibility value="8" level="0" />
<depth_of_inheritance_tree value="0" level="0" />
<number_of_children value="0" level="0" />
<coupling_between_objects value="1" level="0" />
</module>
<module>
<name>MYSQL</name>
<weighted_methods_per_class_unity value="0" level="0" />
<weighted_methods_per_class_visibility value="0" level="0" />
<depth_of_inheritance_tree value="0" level="0" />
<number_of_children value="0" level="0" />
<coupling_between_objects value="1" level="0" />
</module>
<module>
<name>MaintenanceMethods</name>
<weighted_methods_per_class_unity value="5" level="0" />
<weighted_methods_per_class_visibility value="1" level="0" />
<depth_of_inheritance_tree value="0" level="0" />
<number_of_children value="0" level="0" />
<coupling_between_objects value="1" level="0" />
</module>
<module>
<name>ManagerMethods</name>
<weighted_methods_per_class_unity value="11" level="0" />
<weighted_methods_per_class_visibility value="1" level="0" />
<depth_of_inheritance_tree value="0" level="0" />
<number_of_children value="0" level="0" />
<coupling_between_objects value="1" level="0" />
</module>
<module>
<name>Payment</name>
<weighted_methods_per_class_unity value="2" level="0" />
<weighted_methods_per_class_visibility value="2" level="0" />
<depth_of_inheritance_tree value="0" level="0" />
<number_of_children value="0" level="0" />
<coupling_between_objects value="3" level="0" />
</module>
<module>
<name>PaymentTable</name>
<weighted_methods_per_class_unity value="5" level="0" />
<weighted_methods_per_class_visibility value="5" level="0" />
<depth_of_inheritance_tree value="0" level="0" />
<number_of_children value="0" level="0" />
<coupling_between_objects value="0" level="0" />
</module>
<module>
<name>Purchase</name>
<weighted_methods_per_class_unity value="2" level="0" />
<weighted_methods_per_class_visibility value="2" level="0" />
<depth_of_inheritance_tree value="0" level="0" />
<number_of_children value="0" level="0" />
<coupling_between_objects value="3" level="0" />
</module>
<module>
<name>PurchaseTable</name>
<weighted_methods_per_class_unity value="5" level="0" />
<weighted_methods_per_class_visibility value="5" level="0" />
<depth_of_inheritance_tree value="0" level="0" />
<number_of_children value="0" level="0" />
<coupling_between_objects value="0" level="0" />
</module>
<module>
<name>SavingsAccount</name>
<weighted_methods_per_class_unity value="3" level="0" />
<weighted_methods_per_class_visibility value="3" level="0" />
<depth_of_inheritance_tree value="1" level="0" />
<number_of_children value="0" level="0" />
<coupling_between_objects value="2" level="0" />
</module>
<module>
<name>User</name>
<weighted_methods_per_class_unity value="2" level="0" />
<weighted_methods_per_class_visibility value="1" level="0" />
<depth_of_inheritance_tree value="0" level="0" />
<number_of_children value="0" level="0" />
<coupling_between_objects value="13" level="1" />
</module>
<module>
<name>UserMethods</name>
<weighted_methods_per_class_unity value="9" level="0" />
<weighted_methods_per_class_visibility value="1" level="0" />
<depth_of_inheritance_tree value="0" level="0" />
<number_of_children value="0" level="0" />
<coupling_between_objects value="1" level="0" />
</module>
<module>
<name>UserTable</name>
<weighted_methods_per_class_unity value="12" level="0" />
<weighted_methods_per_class_visibility value="4" level="0" />
<depth_of_inheritance_tree value="0" level="0" />
<number_of_children value="0" level="0" />
<coupling_between_objects value="3" level="0" />
</module>
<module>
<name>Utilities</name>
<weighted_methods_per_class_unity value="5" level="0" />
<weighted_methods_per_class_visibility value="5" level="0" />
<depth_of_inheritance_tree value="0" level="0" />
<number_of_children value="0" level="0" />
<coupling_between_objects value="0" level="0" />
</module>
<module>
<name>anonymous</name>
<weighted_methods_per_class_unity value="9" level="0" />
<weighted_methods_per_class_visibility value="0" level="0" />
<depth_of_inheritance_tree value="0" level="0" />
<number_of_children value="0" level="0" />
<coupling_between_objects value="0" level="0" />
</module>
<module>
<name>bool</name>
<weighted_methods_per_class_unity value="0" level="0" />
<weighted_methods_per_class_visibility value="0" level="0" />
<depth_of_inheritance_tree value="0" level="0" />
<number_of_children value="0" level="0" />
<coupling_between_objects value="1" level="0" />
</module>
<module>
<name>string</name>
<weighted_methods_per_class_unity value="0" level="0" />
<weighted_methods_per_class_visibility value="0" level="0" />
<depth_of_inheritance_tree value="0" level="0" />
<number_of_children value="0" level="0" />
<coupling_between_objects value="6" level="0" />
</module>
<module>
<name>usermethods</name>
<weighted_methods_per_class_unity value="6" level="0" />
<weighted_methods_per_class_visibility value="2" level="0" />
<depth_of_inheritance_tree value="0" level="0" />
<number_of_children value="0" level="0" />
<coupling_between_objects value="1" level="0" />
</module>
<module>
<name>vector</name>
<weighted_methods_per_class_unity value="0" level="0" />
<weighted_methods_per_class_visibility value="0" level="0" />
<depth_of_inheritance_tree value="0" level="0" />
<number_of_children value="0" level="0" />
<coupling_between_objects value="2" level="0" />
</module>
</oo_design>
<structural_summary>
<module>
<name>Account</name>
<fan_out_visible value="7" level="1" />
<fan_out_concrete value="5" level="0" />
<fan_out value="7" level="0" />
<fan_in_visible value="0" level="0" />
<fan_in_concrete value="0" level="0" />
<fan_in value="0" level="0" />
<IF4_visible value="0" level="0" />
<IF4_concrete value="0" level="0" />
<IF4 value="0" level="0" />
</module>
<module>
<name>AccountTable</name>
<fan_out_visible value="0" level="0" />
<fan_out_concrete value="0" level="0" />
<fan_out value="0" level="0" />
<fan_in_visible value="1" level="0" />
<fan_in_concrete value="0" level="0" />
<fan_in value="1" level="0" />
<IF4_visible value="0" level="0" />
<IF4_concrete value="0" level="0" />
<IF4 value="0" level="0" />
</module>
<module>
<name>ChequingAccount</name>
<fan_out_visible value="1" level="0" />
<fan_out_concrete value="1" level="0" />
<fan_out value="1" level="0" />
<fan_in_visible value="1" level="0" />
<fan_in_concrete value="1" level="0" />
<fan_in value="1" level="0" />
<IF4_visible value="1" level="0" />
<IF4_concrete value="1" level="0" />
<IF4 value="1" level="0" />
</module>
<module>
<name>CreditAccount</name>
<fan_out_visible value="1" level="0" />
<fan_out_concrete value="1" level="0" />
<fan_out value="1" level="0" />
<fan_in_visible value="1" level="0" />
<fan_in_concrete value="1" level="0" />
<fan_in value="1" level="0" />
<IF4_visible value="1" level="0" />
<IF4_concrete value="1" level="0" />
<IF4 value="1" level="0" />
</module>
<module>
<name>Db</name>
<fan_out_visible value="0" level="0" />
<fan_out_concrete value="0" level="0" />
<fan_out value="0" level="0" />
<fan_in_visible value="2" level="0" />
<fan_in_concrete value="2" level="0" />
<fan_in value="3" level="0" />
<IF4_visible value="0" level="0" />
<IF4_concrete value="0" level="0" />
<IF4 value="0" level="0" />
</module>
<module>
<name>FundMovementValidation</name>
<fan_out_visible value="0" level="0" />
<fan_out_concrete value="0" level="0" />
<fan_out value="0" level="0" />
<fan_in_visible value="2" level="0" />
<fan_in_concrete value="0" level="0" />
<fan_in value="2" level="0" />
<IF4_visible value="0" level="0" />
<IF4_concrete value="0" level="0" />
<IF4 value="0" level="0" />
</module>
<module>
<name>Logger</name>
<fan_out_visible value="0" level="0" />
<fan_out_concrete value="0" level="0" />
<fan_out value="0" level="0" />
<fan_in_visible value="1" level="0" />
<fan_in_concrete value="0" level="0" />
<fan_in value="1" level="0" />
<IF4_visible value="0" level="0" />
<IF4_concrete value="0" level="0" />
<IF4 value="0" level="0" />
</module>
<module>
<name>MYSQL</name>
<fan_out_visible value="0" level="0" />
<fan_out_concrete value="0" level="0" />
<fan_out value="1" level="0" />
<fan_in_visible value="0" level="0" />
<fan_in_concrete value="0" level="0" />
<fan_in value="0" level="0" />
<IF4_visible value="0" level="0" />
<IF4_concrete value="0" level="0" />
<IF4 value="0" level="0" />
</module>
<module>
<name>MaintenanceMethods</name>
<fan_out_visible value="0" level="0" />
<fan_out_concrete value="0" level="0" />
<fan_out value="0" level="0" />
<fan_in_visible value="1" level="0" />
<fan_in_concrete value="0" level="0" />
<fan_in value="1" level="0" />
<IF4_visible value="0" level="0" />
<IF4_concrete value="0" level="0" />
<IF4 value="0" level="0" />
</module>
<module>
<name>ManagerMethods</name>
<fan_out_visible value="0" level="0" />
<fan_out_concrete value="0" level="0" />
<fan_out value="0" level="0" />
<fan_in_visible value="1" level="0" />
<fan_in_concrete value="0" level="0" />
<fan_in value="1" level="0" />
<IF4_visible value="0" level="0" />
<IF4_concrete value="0" level="0" />
<IF4 value="0" level="0" />
</module>
<module>
<name>Payment</name>
<fan_out_visible value="0" level="0" />
<fan_out_concrete value="0" level="0" />
<fan_out value="0" level="0" />
<fan_in_visible value="3" level="0" />
<fan_in_concrete value="3" level="0" />
<fan_in value="3" level="0" />
<IF4_visible value="0" level="0" />
<IF4_concrete value="0" level="0" />
<IF4 value="0" level="0" />
</module>
<module>
<name>PaymentTable</name>
<fan_out_visible value="0" level="0" />
<fan_out_concrete value="0" level="0" />
<fan_out value="0" level="0" />
<fan_in_visible value="0" level="0" />
<fan_in_concrete value="0" level="0" />
<fan_in value="0" level="0" />
<IF4_visible value="0" level="0" />
<IF4_concrete value="0" level="0" />
<IF4 value="0" level="0" />
</module>
<module>
<name>Purchase</name>
<fan_out_visible value="0" level="0" />
<fan_out_concrete value="0" level="0" />
<fan_out value="0" level="0" />
<fan_in_visible value="3" level="0" />
<fan_in_concrete value="3" level="0" />
<fan_in value="3" level="0" />
<IF4_visible value="0" level="0" />
<IF4_concrete value="0" level="0" />
<IF4 value="0" level="0" />
</module>
<module>
<name>PurchaseTable</name>
<fan_out_visible value="0" level="0" />
<fan_out_concrete value="0" level="0" />
<fan_out value="0" level="0" />
<fan_in_visible value="0" level="0" />
<fan_in_concrete value="0" level="0" />
<fan_in value="0" level="0" />
<IF4_visible value="0" level="0" />
<IF4_concrete value="0" level="0" />
<IF4 value="0" level="0" />
</module>
<module>
<name>SavingsAccount</name>
<fan_out_visible value="1" level="0" />
<fan_out_concrete value="1" level="0" />
<fan_out value="1" level="0" />
<fan_in_visible value="1" level="0" />
<fan_in_concrete value="1" level="0" />
<fan_in value="1" level="0" />
<IF4_visible value="1" level="0" />
<IF4_concrete value="1" level="0" />
<IF4 value="1" level="0" />
</module>
<module>
<name>User</name>
<fan_out_visible value="8" level="1" />
<fan_out_concrete value="2" level="0" />
<fan_out value="8" level="0" />
<fan_in_visible value="5" level="0" />
<fan_in_concrete value="5" level="0" />
<fan_in value="5" level="0" />
<IF4_visible value="1600" level="2" />
<IF4_concrete value="100" level="1" />
<IF4 value="1600" level="2" />
</module>
<module>
<name>UserMethods</name>
<fan_out_visible value="0" level="0" />
<fan_out_concrete value="0" level="0" />
<fan_out value="0" level="0" />
<fan_in_visible value="1" level="0" />
<fan_in_concrete value="0" level="0" />
<fan_in value="1" level="0" />
<IF4_visible value="0" level="0" />
<IF4_concrete value="0" level="0" />
<IF4 value="0" level="0" />
</module>
<module>
<name>UserTable</name>
<fan_out_visible value="0" level="0" />
<fan_out_concrete value="0" level="0" />
<fan_out value="0" level="0" />
<fan_in_visible value="3" level="0" />
<fan_in_concrete value="0" level="0" />
<fan_in value="3" level="0" />
<IF4_visible value="0" level="0" />
<IF4_concrete value="0" level="0" />
<IF4 value="0" level="0" />
</module>
<module>
<name>Utilities</name>
<fan_out_visible value="0" level="0" />
<fan_out_concrete value="0" level="0" />
<fan_out value="0" level="0" />
<fan_in_visible value="0" level="0" />
<fan_in_concrete value="0" level="0" />
<fan_in value="0" level="0" />
<IF4_visible value="0" level="0" />
<IF4_concrete value="0" level="0" />
<IF4 value="0" level="0" />
</module>
<module>
<name>anonymous</name>
<fan_out_visible value="0" level="0" />
<fan_out_concrete value="0" level="0" />
<fan_out value="0" level="0" />
<fan_in_visible value="0" level="0" />
<fan_in_concrete value="0" level="0" />
<fan_in value="0" level="0" />
<IF4_visible value="0" level="0" />
<IF4_concrete value="0" level="0" />
<IF4 value="0" level="0" />
</module>
<module>
<name>bool</name>
<fan_out_visible value="1" level="0" />
<fan_out_concrete value="1" level="0" />
<fan_out value="1" level="0" />
<fan_in_visible value="0" level="0" />
<fan_in_concrete value="0" level="0" />
<fan_in value="0" level="0" />
<IF4_visible value="0" level="0" />
<IF4_concrete value="0" level="0" />
<IF4 value="0" level="0" />
</module>
<module>
<name>string</name>
<fan_out_visible value="6" level="0" />
<fan_out_concrete value="4" level="0" />
<fan_out value="6" level="0" />
<fan_in_visible value="0" level="0" />
<fan_in_concrete value="0" level="0" />
<fan_in value="0" level="0" />
<IF4_visible value="0" level="0" />
<IF4_concrete value="0" level="0" />
<IF4 value="0" level="0" />
</module>
<module>
<name>usermethods</name>
<fan_out_visible value="0" level="0" />
<fan_out_concrete value="0" level="0" />
<fan_out value="0" level="0" />
<fan_in_visible value="1" level="0" />
<fan_in_concrete value="0" level="0" />
<fan_in value="1" level="0" />
<IF4_visible value="0" level="0" />
<IF4_concrete value="0" level="0" />
<IF4 value="0" level="0" />
</module>
<module>
<name>vector</name>
<fan_out_visible value="2" level="0" />
<fan_out_concrete value="1" level="0" />
<fan_out value="2" level="0" />
<fan_in_visible value="0" level="0" />
<fan_in_concrete value="0" level="0" />
<fan_in value="0" level="0" />
<IF4_visible value="0" level="0" />
<IF4_concrete value="0" level="0" />
<IF4 value="0" level="0" />
</module>
</structural_summary>
<other_extents>
<rejected_extent>
<name>&lt;file scope items&gt;</name>
<source_reference file="Account/account.cpp" line="1" />
<lines_of_code value="1" level="0" />
<lines_of_comment value="0" level="0" />
<McCabes_cyclomatic_complexity value="0" level="0" />
</rejected_extent>
<rejected_extent>
<name>&lt;file scope items&gt;</name>
<source_reference file="Account/account.h" line="1" />
<lines_of_code value="2" level="0" />
<lines_of_comment value="0" level="0" />
<McCabes_cyclomatic_complexity value="0" level="0" />
</rejected_extent>
<rejected_extent>
<name>&lt;file scope items&gt;</name>
<source_reference file="Account/accounttable.cpp" line="1" />
<lines_of_code value="2" level="0" />
<lines_of_comment value="6" level="0" />
<McCabes_cyclomatic_complexity value="0" level="0" />
</rejected_extent>
<rejected_extent>
<name>&lt;file scope items&gt;</name>
<source_reference file="Account/accounttable.h" line="1" />
<lines_of_code value="1" level="0" />
<lines_of_comment value="1" level="0" />
<McCabes_cyclomatic_complexity value="0" level="0" />
</rejected_extent>
<rejected_extent>
<name>&lt;file scope items&gt;</name>
<source_reference file="Account/chequingaccount.cpp" line="1" />
<lines_of_code value="2" level="0" />
<lines_of_comment value="0" level="0" />
<McCabes_cyclomatic_complexity value="0" level="0" />
</rejected_extent>
<rejected_extent>
<name>&lt;file scope items&gt;</name>
<source_reference file="Account/chequingaccount.h" line="1" />
<lines_of_code value="2" level="0" />
<lines_of_comment value="0" level="0" />
<McCabes_cyclomatic_complexity value="0" level="0" />
</rejected_extent>
<rejected_extent>
<name>&lt;file scope items&gt;</name>
<source_reference file="Account/creditaccount.cpp" line="1" />
<lines_of_code value="2" level="0" />
<lines_of_comment value="0" level="0" />
<McCabes_cyclomatic_complexity value="0" level="0" />
</rejected_extent>
<rejected_extent>
<name>&lt;file scope items&gt;</name>
<source_reference file="Account/creditaccount.h" line="1" />
<lines_of_code value="2" level="0" />
<lines_of_comment value="0" level="0" />
<McCabes_cyclomatic_complexity value="0" level="0" />
</rejected_extent>
<rejected_extent>
<name>&lt;file scope items&gt;</name>
<source_reference file="Account/fundmovementvalidation.cpp" line="1" />
<lines_of_code value="2" level="0" />
<lines_of_comment value="0" level="0" />
<McCabes_cyclomatic_complexity value="0" level="0" />
</rejected_extent>
<rejected_extent>
<name>&lt;file scope items&gt;</name>
<source_reference file="Account/fundmovementvalidation.h" line="1" />
<lines_of_code value="1" level="0" />
<lines_of_comment value="0" level="0" />
<McCabes_cyclomatic_complexity value="0" level="0" />
</rejected_extent>
<rejected_extent>
<name>&lt;file scope items&gt;</name>
<source_reference file="Account/savingsaccount.cpp" line="1" />
<lines_of_code value="2" level="0" />
<lines_of_comment value="0" level="0" />
<McCabes_cyclomatic_complexity value="0" level="0" />
</rejected_extent>
<rejected_extent>
<name>&lt;file scope items&gt;</name>
<source_reference file="Account/savingsaccount.h" line="1" />
<lines_of_code value="2" level="0" />
<lines_of_comment value="0" level="0" />
<McCabes_cyclomatic_complexity value="0" level="0" />
</rejected_extent>
<rejected_extent>
<name>&lt;file scope items&gt;</name>
<source_reference file="Db/db.h" line="1" />
<lines_of_code value="3" level="0" />
<lines_of_comment value="17" level="0" />
<McCabes_cyclomatic_complexity value="0" level="0" />
</rejected_extent>
<rejected_extent>
<name>&lt;file scope items&gt;</name>
<source_reference file="Payment/payment.cpp" line="1" />
<lines_of_code value="1" level="0" />
<lines_of_comment value="1" level="0" />
<McCabes_cyclomatic_complexity value="0" level="0" />
</rejected_extent>
<rejected_extent>
<name>&lt;file scope items&gt;</name>
<source_reference file="Payment/payment.h" line="1" />
<lines_of_code value="2" level="0" />
<lines_of_comment value="1" level="0" />
<McCabes_cyclomatic_complexity value="0" level="0" />
</rejected_extent>
<rejected_extent>
<name>&lt;file scope items&gt;</name>
<source_reference file="Payment/paymenttable.cpp" line="1" />
<lines_of_code value="3" level="0" />
<lines_of_comment value="6" level="0" />
<McCabes_cyclomatic_complexity value="0" level="0" />
</rejected_extent>
<rejected_extent>
<name>&lt;file scope items&gt;</name>
<source_reference file="Payment/paymenttable.h" line="1" />
<lines_of_code value="1" level="0" />
<lines_of_comment value="1" level="0" />
<McCabes_cyclomatic_complexity value="0" level="0" />
</rejected_extent>
<rejected_extent>
<name>&lt;file scope items&gt;</name>
<source_reference file="Purchase/purchase.cpp" line="1" />
<lines_of_code value="1" level="0" />
<lines_of_comment value="1" level="0" />
<McCabes_cyclomatic_complexity value="0" level="0" />
</rejected_extent>
<rejected_extent>
<name>&lt;file scope items&gt;</name>
<source_reference file="Purchase/purchase.h" line="1" />
<lines_of_code value="2" level="0" />
<lines_of_comment value="1" level="0" />
<McCabes_cyclomatic_complexity value="0" level="0" />
</rejected_extent>
<rejected_extent>
<name>&lt;file scope items&gt;</name>
<source_reference file="Purchase/purchasetable.cpp" line="1" />
<lines_of_code value="2" level="0" />
<lines_of_comment value="6" level="0" />
<McCabes_cyclomatic_complexity value="0" level="0" />
</rejected_extent>
<rejected_extent>
<name>&lt;file scope items&gt;</name>
<source_reference file="Purchase/purchasetable.h" line="1" />
<lines_of_code value="1" level="0" />
<lines_of_comment value="1" level="0" />
<McCabes_cyclomatic_complexity value="0" level="0" />
</rejected_extent>
<rejected_extent>
<name>&lt;file scope items&gt;</name>
<source_reference file="User/maintenancemethods.cpp" line="1" />
<lines_of_code value="1" level="0" />
<lines_of_comment value="0" level="0" />
<McCabes_cyclomatic_complexity value="0" level="0" />
</rejected_extent>
<rejected_extent>
<name>&lt;file scope items&gt;</name>
<source_reference file="User/maintenancemethods.h" line="1" />
<lines_of_code value="1" level="0" />
<lines_of_comment value="0" level="0" />
<McCabes_cyclomatic_complexity value="0" level="0" />
</rejected_extent>
<rejected_extent>
<name>&lt;file scope items&gt;</name>
<source_reference file="User/managermethods.cpp" line="1" />
<lines_of_code value="2" level="0" />
<lines_of_comment value="0" level="0" />
<McCabes_cyclomatic_complexity value="0" level="0" />
</rejected_extent>
<rejected_extent>
<name>&lt;file scope items&gt;</name>
<source_reference file="User/managermethods.h" line="1" />
<lines_of_code value="1" level="0" />
<lines_of_comment value="0" level="0" />
<McCabes_cyclomatic_complexity value="0" level="0" />
</rejected_extent>
<rejected_extent>
<name>&lt;file scope items&gt;</name>
<source_reference file="User/user.cpp" line="1" />
<lines_of_code value="4" level="0" />
<lines_of_comment value="1" level="0" />
<McCabes_cyclomatic_complexity value="0" level="0" />
</rejected_extent>
<rejected_extent>
<name>&lt;file scope items&gt;</name>
<source_reference file="User/user.h" line="1" />
<lines_of_code value="3" level="0" />
<lines_of_comment value="1" level="0" />
<McCabes_cyclomatic_complexity value="0" level="0" />
</rejected_extent>
<rejected_extent>
<name>&lt;file scope items&gt;</name>
<source_reference file="User/usermethods.cpp" line="1" />
<lines_of_code value="1" level="0" />
<lines_of_comment value="0" level="0" />
<McCabes_cyclomatic_complexity value="0" level="0" />
</rejected_extent>
<rejected_extent>
<name>&lt;file scope items&gt;</name>
<source_reference file="User/usermethods.h" line="1" />
<lines_of_code value="1" level="0" />
<lines_of_comment value="0" level="0" />
<McCabes_cyclomatic_complexity value="0" level="0" />
</rejected_extent>
<rejected_extent>
<name>&lt;file scope items&gt;</name>
<source_reference file="User/usertable.cpp" line="1" />
<lines_of_code value="5" level="0" />
<lines_of_comment value="7" level="0" />
<McCabes_cyclomatic_complexity value="0" level="0" />
</rejected_extent>
<rejected_extent>
<name>&lt;file scope items&gt;</name>
<source_reference file="User/usertable.h" line="1" />
<lines_of_code value="3" level="0" />
<lines_of_comment value="7" level="0" />
<McCabes_cyclomatic_complexity value="0" level="0" />
</rejected_extent>
<rejected_extent>
<name>&lt;file scope items&gt;</name>
<source_reference file="VendorSystem/dispatchloop.cpp" line="1" />
<lines_of_code value="2" level="0" />
<lines_of_comment value="0" level="0" />
<McCabes_cyclomatic_complexity value="0" level="0" />
</rejected_extent>
<rejected_extent>
<name>&lt;file scope items&gt;</name>
<source_reference file="VendorSystem/main.cpp" line="1" />
<lines_of_code value="1" level="0" />
<lines_of_comment value="1" level="0" />
<McCabes_cyclomatic_complexity value="0" level="0" />
</rejected_extent>
<rejected_extent>
<name>&lt;file scope items&gt;</name>
<source_reference file="VendorSystem/usermethods.cpp" line="1" />
<lines_of_code value="1" level="0" />
<lines_of_comment value="1" level="0" />
<McCabes_cyclomatic_complexity value="0" level="0" />
</rejected_extent>
<rejected_extent>
<name>&lt;file scope items&gt;</name>
<source_reference file="VendorSystem/dispatchloop.h" line="1" />
<lines_of_code value="1" level="0" />
<lines_of_comment value="0" level="0" />
<McCabes_cyclomatic_complexity value="0" level="0" />
</rejected_extent>
<rejected_extent>
<name>&lt;file scope items&gt;</name>
<source_reference file="VendorSystem/usermethods.h" line="1" />
<lines_of_code value="1" level="0" />
<lines_of_comment value="1" level="0" />
<McCabes_cyclomatic_complexity value="0" level="0" />
</rejected_extent>
<rejected_extent>
<name>&lt;file scope items&gt;</name>
<source_reference file="dispatchloop.cpp" line="1" />
<lines_of_code value="2" level="0" />
<lines_of_comment value="0" level="0" />
<McCabes_cyclomatic_complexity value="0" level="0" />
</rejected_extent>
<rejected_extent>
<name>&lt;file scope items&gt;</name>
<source_reference file="logger.cpp" line="1" />
<lines_of_code value="2" level="0" />
<lines_of_comment value="0" level="0" />
<McCabes_cyclomatic_complexity value="0" level="0" />
</rejected_extent>
<rejected_extent>
<name>&lt;file scope items&gt;</name>
<source_reference file="main.cpp" line="1" />
<lines_of_code value="2" level="0" />
<lines_of_comment value="0" level="0" />
<McCabes_cyclomatic_complexity value="0" level="0" />
</rejected_extent>
<rejected_extent>
<name>&lt;file scope items&gt;</name>
<source_reference file="testAccounts.cpp" line="1" />
<lines_of_code value="2" level="0" />
<lines_of_comment value="0" level="0" />
<McCabes_cyclomatic_complexity value="0" level="0" />
</rejected_extent>
<rejected_extent>
<name>&lt;file scope items&gt;</name>
<source_reference file="config.h" line="1" />
<lines_of_code value="1" level="0" />
<lines_of_comment value="0" level="0" />
<McCabes_cyclomatic_complexity value="0" level="0" />
</rejected_extent>
<rejected_extent>
<name>&lt;file scope items&gt;</name>
<source_reference file="dispatchloop.h" line="1" />
<lines_of_code value="1" level="0" />
<lines_of_comment value="0" level="0" />
<McCabes_cyclomatic_complexity value="0" level="0" />
</rejected_extent>
<rejected_extent>
<name>&lt;file scope items&gt;</name>
<source_reference file="error.h" line="1" />
<lines_of_code value="1" level="0" />
<lines_of_comment value="1" level="0" />
<McCabes_cyclomatic_complexity value="0" level="0" />
</rejected_extent>
<rejected_extent>
<name>&lt;file scope items&gt;</name>
<source_reference file="logger.h" line="1" />
<lines_of_code value="2" level="0" />
<lines_of_comment value="0" level="0" />
<McCabes_cyclomatic_complexity value="0" level="0" />
</rejected_extent>
<rejected_extent>
<name>&lt;file scope items&gt;</name>
<source_reference file="Utilities.h" line="1" />
<lines_of_code value="2" level="0" />
<lines_of_comment value="0" level="0" />
<McCabes_cyclomatic_complexity value="0" level="0" />
</rejected_extent>
</other_extents>
</CCCC_Project>
