<?xml version="1.0" encoding="utf-8"?>
<!--Detailed report on module ChequingAccount-->
<CCCC_Project>
<module_summary>
<lines_of_code value="65" level="0" />
<lines_of_code_per_member_function value="******" level="0" />
<McCabes_cyclomatic_complexity value="18" level="0" />
<McCabes_cyclomatic_complexity_per_member_function value="******" level="2" />
<lines_of_code value="15" level="0" />
<lines_of_code_per_member_function value="********" level="2" />
<lines_of_code_per_line_of_comment value="4.333" level="0" />
<McCabes_cyclomatic_complexity_per_line_of_comment value="1.200" level="0" />
<weighted_methods_per_class_unity value="4" level="0" />
<weighted_methods_per_class_visibility value="3" level="0" />
<depth_of_inheritance_tree value="1" level="0" />
<number_of_children value="0" level="0" />
<coupling_between_objects value="2" level="0" />
<IF4 value="1" level="0" />
<IF4_per_member_function value="********" level="2" />
<IF4_visible value="1" level="0" />
<IF4_visible_per_member_function value="********" level="2" />
<IF4_concrete value="1" level="0" />
<IF4_concrete_per_member_function value="********" level="2" />
</module_summary>
<module_detail>
<description>definition</description>
<source_reference file="Account/chequingaccount.h" line="8" />
<lines_of_code value="4" level="0" />
<McCabes_cyclomatic_complexity value="0" level="0" />
<lines_of_comment value="0" level="0" />
<lines_of_code_per_line_of_comment value="------" level="0" />
<McCabes_cyclomatic_complexity_per_line_of_comment value="------" level="0" />
</module_detail>
<procedural_detail>
<member_function>
<name>ChequingAccount()</name>
<extent>
<description>definition</description>
<source_reference file="Account/chequingaccount.h" line="24" />
</extent>
<lines_of_code value="4" level="0" />
<McCabes_cyclomatic_complexity value="0" level="0" />
<lines_of_comment value="3" level="0" />
<lines_of_code_per_line_of_comment value="------" level="0" />
<McCabes_cyclomatic_complexity_per_line_of_comment value="------" level="0" />
</member_function>
<member_function>
<name>ChequingAccount(double)</name>
<extent>
<description>definition</description>
<source_reference file="Account/chequingaccount.h" line="16" />
</extent>
<lines_of_code value="4" level="0" />
<McCabes_cyclomatic_complexity value="0" level="0" />
<lines_of_comment value="4" level="0" />
<lines_of_code_per_line_of_comment value="------" level="0" />
<McCabes_cyclomatic_complexity_per_line_of_comment value="------" level="0" />
</member_function>
<member_function>
<name>get_input(double)</name>
<extent>
<description>definition</description>
<source_reference file="Account/chequingaccount.cpp" line="46" />
</extent>
<extent>
<description>declaration</description>
<source_reference file="Account/chequingaccount.h" line="37" />
</extent>
<lines_of_code value="21" level="0" />
<McCabes_cyclomatic_complexity value="7" level="0" />
<lines_of_comment value="2" level="0" />
<lines_of_code_per_line_of_comment value="10.500" level="1" />
<McCabes_cyclomatic_complexity_per_line_of_comment value="3.500" level="0" />
</member_function>
<member_function>
<name>withdrawl(double)</name>
<extent>
<description>definition</description>
<source_reference file="Account/chequingaccount.cpp" line="6" />
</extent>
<extent>
<description>declaration</description>
<source_reference file="Account/chequingaccount.h" line="34" />
</extent>
<lines_of_code value="32" level="1" />
<McCabes_cyclomatic_complexity value="11" level="1" />
<lines_of_comment value="6" level="0" />
<lines_of_code_per_line_of_comment value="5.333" level="0" />
<McCabes_cyclomatic_complexity_per_line_of_comment value="1.833" level="0" />
</member_function>
</procedural_detail>
<structural_detail>
<module>
<name>ChequingAccount</name>
<client_module>
<name>User</name>
<visible>true</visible>
<concrete>true</concrete>
<extent>
<description>has by value</description>
<source_reference file="User/user.h" line="31" />
</extent>
</client_module>
<supplier_module>
<name>Account</name>
<visible>true</visible>
<concrete>true</concrete>
<extent>
<description>inheritance</description>
<source_reference file="Account/chequingaccount.h" line="8" />
</extent>
</supplier_module>
</module>
</structural_detail>
</CCCC_Project>
