<?xml version="1.0" encoding="utf-8"?>
<!--Detailed report on module CreditAccount-->
<CCCC_Project>
<module_summary>
<lines_of_code value="18" level="0" />
<lines_of_code_per_member_function value="******" level="0" />
<McCabes_cyclomatic_complexity value="2" level="0" />
<McCabes_cyclomatic_complexity_per_member_function value="******" level="2" />
<lines_of_code value="9" level="0" />
<lines_of_code_per_member_function value="********" level="2" />
<lines_of_code_per_line_of_comment value="------" level="0" />
<McCabes_cyclomatic_complexity_per_line_of_comment value="------" level="0" />
<weighted_methods_per_class_unity value="4" level="0" />
<weighted_methods_per_class_visibility value="4" level="0" />
<depth_of_inheritance_tree value="1" level="0" />
<number_of_children value="0" level="0" />
<coupling_between_objects value="2" level="0" />
<IF4 value="1" level="0" />
<IF4_per_member_function value="********" level="2" />
<IF4_visible value="1" level="0" />
<IF4_visible_per_member_function value="********" level="2" />
<IF4_concrete value="1" level="0" />
<IF4_concrete_per_member_function value="********" level="2" />
</module_summary>
<module_detail>
<description>definition</description>
<source_reference file="Account/creditaccount.h" line="8" />
<lines_of_code value="3" level="0" />
<McCabes_cyclomatic_complexity value="0" level="0" />
<lines_of_comment value="0" level="0" />
<lines_of_code_per_line_of_comment value="------" level="0" />
<McCabes_cyclomatic_complexity_per_line_of_comment value="------" level="0" />
</module_detail>
<procedural_detail>
<member_function>
<name>CreditAccount()</name>
<extent>
<description>definition</description>
<source_reference file="Account/creditaccount.h" line="17" />
</extent>
<lines_of_code value="3" level="0" />
<McCabes_cyclomatic_complexity value="0" level="0" />
<lines_of_comment value="0" level="0" />
<lines_of_code_per_line_of_comment value="------" level="0" />
<McCabes_cyclomatic_complexity_per_line_of_comment value="------" level="0" />
</member_function>
<member_function>
<name>CreditAccount(double)</name>
<extent>
<description>definition</description>
<source_reference file="Account/creditaccount.h" line="12" />
</extent>
<lines_of_code value="3" level="0" />
<McCabes_cyclomatic_complexity value="0" level="0" />
<lines_of_comment value="0" level="0" />
<lines_of_code_per_line_of_comment value="------" level="0" />
<McCabes_cyclomatic_complexity_per_line_of_comment value="------" level="0" />
</member_function>
<member_function>
<name>endOfMonth()</name>
<extent>
<description>declaration</description>
<source_reference file="Account/creditaccount.h" line="32" />
</extent>
<lines_of_code value="1" level="0" />
<McCabes_cyclomatic_complexity value="0" level="0" />
<lines_of_comment value="4" level="0" />
<lines_of_code_per_line_of_comment value="------" level="0" />
<McCabes_cyclomatic_complexity_per_line_of_comment value="------" level="0" />
</member_function>
<member_function>
<name>withdrawl(double)</name>
<extent>
<description>definition</description>
<source_reference file="Account/creditaccount.cpp" line="6" />
</extent>
<extent>
<description>declaration</description>
<source_reference file="Account/creditaccount.h" line="26" />
</extent>
<lines_of_code value="8" level="0" />
<McCabes_cyclomatic_complexity value="2" level="0" />
<lines_of_comment value="5" level="0" />
<lines_of_code_per_line_of_comment value="------" level="0" />
<McCabes_cyclomatic_complexity_per_line_of_comment value="------" level="0" />
</member_function>
</procedural_detail>
<structural_detail>
<module>
<name>CreditAccount</name>
<client_module>
<name>User</name>
<visible>true</visible>
<concrete>true</concrete>
<extent>
<description>has by value</description>
<source_reference file="User/user.h" line="33" />
</extent>
</client_module>
<supplier_module>
<name>Account</name>
<visible>true</visible>
<concrete>true</concrete>
<extent>
<description>inheritance</description>
<source_reference file="Account/creditaccount.h" line="8" />
</extent>
</supplier_module>
</module>
</structural_detail>
</CCCC_Project>
