<?xml version="1.0" encoding="utf-8"?>
<!--Detailed report on module FundMovementValidation-->
<CCCC_Project>
<module_summary>
<lines_of_code value="115" level="0" />
<lines_of_code_per_member_function value="******" level="0" />
<McCabes_cyclomatic_complexity value="14" level="0" />
<McCabes_cyclomatic_complexity_per_member_function value="******" level="2" />
<lines_of_code value="28" level="0" />
<lines_of_code_per_member_function value="********" level="2" />
<lines_of_code_per_line_of_comment value="4.107" level="0" />
<McCabes_cyclomatic_complexity_per_line_of_comment value="0.500" level="0" />
<weighted_methods_per_class_unity value="7" level="0" />
<weighted_methods_per_class_visibility value="4" level="0" />
<depth_of_inheritance_tree value="0" level="0" />
<number_of_children value="0" level="0" />
<coupling_between_objects value="2" level="0" />
<IF4 value="0" level="0" />
<IF4_per_member_function value="********" level="0" />
<IF4_visible value="0" level="0" />
<IF4_visible_per_member_function value="********" level="0" />
<IF4_concrete value="0" level="0" />
<IF4_concrete_per_member_function value="********" level="0" />
</module_summary>
<module_detail>
<description>definition</description>
<source_reference file="Account/fundmovementvalidation.h" line="10" />
<lines_of_code value="4" level="0" />
<McCabes_cyclomatic_complexity value="0" level="0" />
<lines_of_comment value="0" level="0" />
<lines_of_code_per_line_of_comment value="------" level="0" />
<McCabes_cyclomatic_complexity_per_line_of_comment value="------" level="0" />
</module_detail>
<procedural_detail>
<member_function>
<name>FundMovementValidation()</name>
<extent>
<description>definition</description>
<source_reference file="Account/fundmovementvalidation.h" line="15" />
</extent>
<lines_of_code value="2" level="0" />
<McCabes_cyclomatic_complexity value="0" level="0" />
<lines_of_comment value="3" level="0" />
<lines_of_code_per_line_of_comment value="------" level="0" />
<McCabes_cyclomatic_complexity_per_line_of_comment value="------" level="0" />
</member_function>
<member_function>
<name>castToChequing(Account &amp;)</name>
<extent>
<description>declaration</description>
<source_reference file="Account/fundmovementvalidation.h" line="50" />
</extent>
<lines_of_code value="1" level="0" />
<McCabes_cyclomatic_complexity value="0" level="0" />
<lines_of_comment value="0" level="0" />
<lines_of_code_per_line_of_comment value="------" level="0" />
<McCabes_cyclomatic_complexity_per_line_of_comment value="------" level="0" />
</member_function>
<member_function>
<name>castToSavings(Account &amp;)</name>
<extent>
<description>declaration</description>
<source_reference file="Account/fundmovementvalidation.h" line="48" />
</extent>
<lines_of_code value="1" level="0" />
<McCabes_cyclomatic_complexity value="0" level="0" />
<lines_of_comment value="0" level="0" />
<lines_of_code_per_line_of_comment value="------" level="0" />
<McCabes_cyclomatic_complexity_per_line_of_comment value="------" level="0" />
</member_function>
<member_function>
<name>deposit(Account &amp;,double)</name>
<extent>
<description>definition</description>
<source_reference file="Account/fundmovementvalidation.cpp" line="79" />
</extent>
<extent>
<description>declaration</description>
<source_reference file="Account/fundmovementvalidation.h" line="43" />
</extent>
<lines_of_code value="17" level="0" />
<McCabes_cyclomatic_complexity value="1" level="0" />
<lines_of_comment value="6" level="0" />
<lines_of_code_per_line_of_comment value="------" level="0" />
<McCabes_cyclomatic_complexity_per_line_of_comment value="------" level="0" />
</member_function>
<member_function>
<name>endOfMonthCreditPayment(User &amp;,Account &amp;,Account &amp;,double)</name>
<extent>
<description>definition</description>
<source_reference file="Account/fundmovementvalidation.cpp" line="98" />
</extent>
<extent>
<description>declaration</description>
<source_reference file="Account/fundmovementvalidation.h" line="45" />
</extent>
<lines_of_code value="30" level="0" />
<McCabes_cyclomatic_complexity value="5" level="0" />
<lines_of_comment value="5" level="0" />
<lines_of_code_per_line_of_comment value="6.000" level="0" />
<McCabes_cyclomatic_complexity_per_line_of_comment value="1.000" level="0" />
</member_function>
<member_function>
<name>transferFunds(Account &amp;,Account &amp;,double)</name>
<extent>
<description>definition</description>
<source_reference file="Account/fundmovementvalidation.cpp" line="10" />
</extent>
<extent>
<description>declaration</description>
<source_reference file="Account/fundmovementvalidation.h" line="26" />
</extent>
<lines_of_code value="8" level="0" />
<McCabes_cyclomatic_complexity value="1" level="0" />
<lines_of_comment value="7" level="0" />
<lines_of_code_per_line_of_comment value="------" level="0" />
<McCabes_cyclomatic_complexity_per_line_of_comment value="------" level="0" />
</member_function>
<member_function>
<name>withdraw(Account &amp;,double)</name>
<extent>
<description>definition</description>
<source_reference file="Account/fundmovementvalidation.cpp" line="20" />
</extent>
<extent>
<description>declaration</description>
<source_reference file="Account/fundmovementvalidation.h" line="35" />
</extent>
<lines_of_code value="52" level="1" />
<McCabes_cyclomatic_complexity value="7" level="0" />
<lines_of_comment value="7" level="0" />
<lines_of_code_per_line_of_comment value="7.429" level="1" />
<McCabes_cyclomatic_complexity_per_line_of_comment value="1.000" level="0" />
</member_function>
</procedural_detail>
<structural_detail>
<module>
<name>FundMovementValidation</name>
<client_module>
</client_module>
<supplier_module>
<name>Account</name>
<visible>true</visible>
<concrete>false</concrete>
<extent>
<description>pass by reference</description>
<source_reference file="Account/fundmovementvalidation.cpp" line="10" />
</extent>
<extent>
<description>pass by reference</description>
<source_reference file="Account/fundmovementvalidation.cpp" line="11" />
</extent>
<extent>
<description>pass by reference</description>
<source_reference file="Account/fundmovementvalidation.cpp" line="20" />
</extent>
<extent>
<description>pass by reference</description>
<source_reference file="Account/fundmovementvalidation.cpp" line="79" />
</extent>
<extent>
<description>pass by reference</description>
<source_reference file="Account/fundmovementvalidation.cpp" line="98" />
</extent>
<extent>
<description>pass by reference</description>
<source_reference file="Account/fundmovementvalidation.cpp" line="98" />
</extent>
<extent>
<description>pass by reference</description>
<source_reference file="Account/fundmovementvalidation.h" line="26" />
</extent>
<extent>
<description>pass by reference</description>
<source_reference file="Account/fundmovementvalidation.h" line="26" />
</extent>
<extent>
<description>pass by reference</description>
<source_reference file="Account/fundmovementvalidation.h" line="35" />
</extent>
<extent>
<description>pass by reference</description>
<source_reference file="Account/fundmovementvalidation.h" line="43" />
</extent>
<extent>
<description>pass by reference</description>
<source_reference file="Account/fundmovementvalidation.h" line="45" />
</extent>
<extent>
<description>pass by reference</description>
<source_reference file="Account/fundmovementvalidation.h" line="45" />
</extent>
<extent>
<description>pass by reference</description>
<source_reference file="Account/fundmovementvalidation.h" line="48" />
</extent>
<extent>
<description>pass by reference</description>
<source_reference file="Account/fundmovementvalidation.h" line="50" />
</extent>
<name>User</name>
<visible>true</visible>
<concrete>false</concrete>
<extent>
<description>pass by reference</description>
<source_reference file="Account/fundmovementvalidation.cpp" line="98" />
</extent>
<extent>
<description>pass by reference</description>
<source_reference file="Account/fundmovementvalidation.h" line="45" />
</extent>
</supplier_module>
</module>
</structural_detail>
</CCCC_Project>
