<?xml version="1.0" encoding="utf-8"?>
<!--Detailed report on module MaintenanceMethods-->
<CCCC_Project>
<module_summary>
<lines_of_code value="79" level="0" />
<lines_of_code_per_member_function value="******" level="0" />
<McCabes_cyclomatic_complexity value="15" level="0" />
<McCabes_cyclomatic_complexity_per_member_function value="******" level="2" />
<lines_of_code value="16" level="0" />
<lines_of_code_per_member_function value="********" level="2" />
<lines_of_code_per_line_of_comment value="4.937" level="0" />
<McCabes_cyclomatic_complexity_per_line_of_comment value="0.937" level="0" />
<weighted_methods_per_class_unity value="5" level="0" />
<weighted_methods_per_class_visibility value="1" level="0" />
<depth_of_inheritance_tree value="0" level="0" />
<number_of_children value="0" level="0" />
<coupling_between_objects value="1" level="0" />
<IF4 value="0" level="0" />
<IF4_per_member_function value="********" level="0" />
<IF4_visible value="0" level="0" />
<IF4_visible_per_member_function value="********" level="0" />
<IF4_concrete value="0" level="0" />
<IF4_concrete_per_member_function value="********" level="0" />
</module_summary>
<module_detail>
<description>definition</description>
<source_reference file="User/maintenancemethods.h" line="5" />
<lines_of_code value="4" level="0" />
<McCabes_cyclomatic_complexity value="0" level="0" />
<lines_of_comment value="0" level="0" />
<lines_of_code_per_line_of_comment value="------" level="0" />
<McCabes_cyclomatic_complexity_per_line_of_comment value="------" level="0" />
</module_detail>
<procedural_detail>
<member_function>
<name>MaintenanceMethods()</name>
<extent>
<description>definition</description>
<source_reference file="User/maintenancemethods.cpp" line="6" />
</extent>
<extent>
<description>declaration</description>
<source_reference file="User/maintenancemethods.h" line="7" />
</extent>
<lines_of_code value="4" level="0" />
<McCabes_cyclomatic_complexity value="0" level="0" />
<lines_of_comment value="0" level="0" />
<lines_of_code_per_line_of_comment value="------" level="0" />
<McCabes_cyclomatic_complexity_per_line_of_comment value="------" level="0" />
</member_function>
<member_function>
<name>maintenanceCommandList()</name>
<extent>
<description>definition</description>
<source_reference file="User/maintenancemethods.cpp" line="53" />
</extent>
<extent>
<description>declaration</description>
<source_reference file="User/maintenancemethods.h" line="32" />
</extent>
<lines_of_code value="8" level="0" />
<McCabes_cyclomatic_complexity value="0" level="0" />
<lines_of_comment value="3" level="0" />
<lines_of_code_per_line_of_comment value="------" level="0" />
<McCabes_cyclomatic_complexity_per_line_of_comment value="------" level="0" />
</member_function>
<member_function>
<name>maintenanceCommandSelect(User &amp;)</name>
<extent>
<description>definition</description>
<source_reference file="User/maintenancemethods.cpp" line="64" />
</extent>
<extent>
<description>declaration</description>
<source_reference file="User/maintenancemethods.h" line="13" />
</extent>
<lines_of_code value="27" level="0" />
<McCabes_cyclomatic_complexity value="7" level="0" />
<lines_of_comment value="5" level="0" />
<lines_of_code_per_line_of_comment value="5.400" level="0" />
<McCabes_cyclomatic_complexity_per_line_of_comment value="1.400" level="0" />
</member_function>
<member_function>
<name>turnOffLogging(User &amp;)</name>
<extent>
<description>definition</description>
<source_reference file="User/maintenancemethods.cpp" line="12" />
</extent>
<extent>
<description>declaration</description>
<source_reference file="User/maintenancemethods.h" line="27" />
</extent>
<lines_of_code value="18" level="0" />
<McCabes_cyclomatic_complexity value="4" level="0" />
<lines_of_comment value="4" level="0" />
<lines_of_code_per_line_of_comment value="------" level="0" />
<McCabes_cyclomatic_complexity_per_line_of_comment value="------" level="0" />
</member_function>
<member_function>
<name>turnOnLogging(User &amp;)</name>
<extent>
<description>definition</description>
<source_reference file="User/maintenancemethods.cpp" line="34" />
</extent>
<extent>
<description>declaration</description>
<source_reference file="User/maintenancemethods.h" line="21" />
</extent>
<lines_of_code value="18" level="0" />
<McCabes_cyclomatic_complexity value="4" level="0" />
<lines_of_comment value="4" level="0" />
<lines_of_code_per_line_of_comment value="------" level="0" />
<McCabes_cyclomatic_complexity_per_line_of_comment value="------" level="0" />
</member_function>
</procedural_detail>
<structural_detail>
<module>
<name>MaintenanceMethods</name>
<client_module>
</client_module>
<supplier_module>
<name>User</name>
<visible>true</visible>
<concrete>false</concrete>
<extent>
<description>pass by reference</description>
<source_reference file="User/maintenancemethods.cpp" line="12" />
</extent>
<extent>
<description>pass by reference</description>
<source_reference file="User/maintenancemethods.cpp" line="34" />
</extent>
<extent>
<description>pass by reference</description>
<source_reference file="User/maintenancemethods.cpp" line="64" />
</extent>
<extent>
<description>pass by reference</description>
<source_reference file="User/maintenancemethods.h" line="13" />
</extent>
<extent>
<description>pass by reference</description>
<source_reference file="User/maintenancemethods.h" line="21" />
</extent>
<extent>
<description>pass by reference</description>
<source_reference file="User/maintenancemethods.h" line="27" />
</extent>
</supplier_module>
</module>
</structural_detail>
</CCCC_Project>
