<?xml version="1.0" encoding="utf-8"?>
<!--Detailed report on module PaymentTable-->
<CCCC_Project>
<module_summary>
<lines_of_code value="60" level="0" />
<lines_of_code_per_member_function value="******" level="0" />
<McCabes_cyclomatic_complexity value="7" level="0" />
<McCabes_cyclomatic_complexity_per_member_function value="******" level="2" />
<lines_of_code value="6" level="0" />
<lines_of_code_per_member_function value="********" level="2" />
<lines_of_code_per_line_of_comment value="10.000" level="1" />
<McCabes_cyclomatic_complexity_per_line_of_comment value="1.167" level="0" />
<weighted_methods_per_class_unity value="5" level="0" />
<weighted_methods_per_class_visibility value="5" level="0" />
<depth_of_inheritance_tree value="0" level="0" />
<number_of_children value="0" level="0" />
<coupling_between_objects value="0" level="0" />
<IF4 value="0" level="0" />
<IF4_per_member_function value="********" level="0" />
<IF4_visible value="0" level="0" />
<IF4_visible_per_member_function value="********" level="0" />
<IF4_concrete value="0" level="0" />
<IF4_concrete_per_member_function value="********" level="0" />
</module_summary>
<module_detail>
<description>definition</description>
<source_reference file="Payment/paymenttable.h" line="16" />
<lines_of_code value="3" level="0" />
<McCabes_cyclomatic_complexity value="0" level="0" />
<lines_of_comment value="5" level="0" />
<lines_of_code_per_line_of_comment value="------" level="0" />
<McCabes_cyclomatic_complexity_per_line_of_comment value="------" level="0" />
</module_detail>
<procedural_detail>
<member_function>
<name>GetPaymentsByMonth(...)</name>
<extent>
<description>definition</description>
<source_reference file="Payment/paymenttable.cpp" line="63" />
</extent>
<extent>
<description>declaration</description>
<source_reference file="Payment/paymenttable.h" line="21" />
</extent>
<lines_of_code value="20" level="0" />
<McCabes_cyclomatic_complexity value="3" level="0" />
<lines_of_comment value="0" level="0" />
<lines_of_code_per_line_of_comment value="******" level="0" />
<McCabes_cyclomatic_complexity_per_line_of_comment value="------" level="0" />
</member_function>
<member_function>
<name>ImbuePayment(...)</name>
<extent>
<description>definition</description>
<source_reference file="Payment/paymenttable.cpp" line="48" />
</extent>
<extent>
<description>declaration</description>
<source_reference file="Payment/paymenttable.h" line="24" />
</extent>
<lines_of_code value="14" level="0" />
<McCabes_cyclomatic_complexity value="1" level="0" />
<lines_of_comment value="1" level="0" />
<lines_of_code_per_line_of_comment value="------" level="0" />
<McCabes_cyclomatic_complexity_per_line_of_comment value="------" level="0" />
</member_function>
<member_function>
<name>MakePayment(...)</name>
<extent>
<description>definition</description>
<source_reference file="Payment/paymenttable.cpp" line="26" />
</extent>
<extent>
<description>declaration</description>
<source_reference file="Payment/paymenttable.h" line="23" />
</extent>
<lines_of_code value="17" level="0" />
<McCabes_cyclomatic_complexity value="3" level="0" />
<lines_of_comment value="0" level="0" />
<lines_of_code_per_line_of_comment value="------" level="0" />
<McCabes_cyclomatic_complexity_per_line_of_comment value="------" level="0" />
</member_function>
<member_function>
<name>PaymentTable()</name>
<extent>
<description>definition</description>
<source_reference file="Payment/paymenttable.cpp" line="20" />
</extent>
<extent>
<description>declaration</description>
<source_reference file="Payment/paymenttable.h" line="18" />
</extent>
<lines_of_code value="3" level="0" />
<McCabes_cyclomatic_complexity value="0" level="0" />
<lines_of_comment value="0" level="0" />
<lines_of_code_per_line_of_comment value="------" level="0" />
<McCabes_cyclomatic_complexity_per_line_of_comment value="------" level="0" />
</member_function>
<member_function>
<name>~PaymentTable()</name>
<extent>
<description>definition</description>
<source_reference file="Payment/paymenttable.cpp" line="23" />
</extent>
<extent>
<description>declaration</description>
<source_reference file="Payment/paymenttable.h" line="19" />
</extent>
<lines_of_code value="3" level="0" />
<McCabes_cyclomatic_complexity value="0" level="0" />
<lines_of_comment value="0" level="0" />
<lines_of_code_per_line_of_comment value="------" level="0" />
<McCabes_cyclomatic_complexity_per_line_of_comment value="------" level="0" />
</member_function>
</procedural_detail>
<structural_detail>
<module>
<name>PaymentTable</name>
<client_module>
</client_module>
<supplier_module>
</supplier_module>
</module>
</structural_detail>
</CCCC_Project>
