<?xml version="1.0" encoding="utf-8"?>
<!--Detailed report on module string-->
<CCCC_Project>
<module_summary>
<lines_of_code value="0" level="0" />
<lines_of_code_per_member_function value="******" level="0" />
<McCabes_cyclomatic_complexity value="0" level="0" />
<McCabes_cyclomatic_complexity_per_member_function value="******" level="0" />
<lines_of_code value="0" level="0" />
<lines_of_code_per_member_function value="********" level="0" />
<lines_of_code_per_line_of_comment value="------" level="0" />
<McCabes_cyclomatic_complexity_per_line_of_comment value="------" level="0" />
<weighted_methods_per_class_unity value="0" level="0" />
<weighted_methods_per_class_visibility value="0" level="0" />
<depth_of_inheritance_tree value="0" level="0" />
<number_of_children value="0" level="0" />
<coupling_between_objects value="6" level="0" />
<IF4 value="0" level="0" />
<IF4_per_member_function value="********" level="0" />
<IF4_visible value="0" level="0" />
<IF4_visible_per_member_function value="********" level="0" />
<IF4_concrete value="0" level="0" />
<IF4_concrete_per_member_function value="********" level="0" />
</module_summary>
<module_detail>
</module_detail>
<procedural_detail>
</procedural_detail>
<structural_detail>
<module>
<name>string</name>
<client_module>
<name>Db</name>
<visible>true</visible>
<concrete>true</concrete>
<extent>
<description>pass by value</description>
<source_reference file="Db/db.h" line="115" />
</extent>
<name>Logger</name>
<visible>true</visible>
<concrete>false</concrete>
<extent>
<description>pass by reference</description>
<source_reference file="logger.cpp" line="6" />
</extent>
<extent>
<description>pass by reference</description>
<source_reference file="logger.cpp" line="11" />
</extent>
<extent>
<description>pass by reference</description>
<source_reference file="logger.cpp" line="15" />
</extent>
<extent>
<description>pass by reference</description>
<source_reference file="logger.cpp" line="19" />
</extent>
<extent>
<description>pass by reference</description>
<source_reference file="logger.cpp" line="19" />
</extent>
<extent>
<description>pass by reference</description>
<source_reference file="logger.cpp" line="36" />
</extent>
<extent>
<description>pass by reference</description>
<source_reference file="logger.cpp" line="37" />
</extent>
<extent>
<description>pass by reference</description>
<source_reference file="logger.cpp" line="37" />
</extent>
<extent>
<description>pass by reference</description>
<source_reference file="logger.cpp" line="38" />
</extent>
<extent>
<description>pass by reference</description>
<source_reference file="logger.cpp" line="81" />
</extent>
<extent>
<description>pass by reference</description>
<source_reference file="logger.cpp" line="82" />
</extent>
<extent>
<description>pass by reference</description>
<source_reference file="logger.cpp" line="120" />
</extent>
<extent>
<description>pass by reference</description>
<source_reference file="logger.h" line="40" />
</extent>
<extent>
<description>pass by reference</description>
<source_reference file="logger.h" line="47" />
</extent>
<extent>
<description>pass by reference</description>
<source_reference file="logger.h" line="54" />
</extent>
<extent>
<description>pass by reference</description>
<source_reference file="logger.h" line="76" />
</extent>
<extent>
<description>pass by reference</description>
<source_reference file="logger.h" line="76" />
</extent>
<extent>
<description>pass by reference</description>
<source_reference file="logger.h" line="77" />
</extent>
<extent>
<description>pass by reference</description>
<source_reference file="logger.h" line="77" />
</extent>
<extent>
<description>pass by reference</description>
<source_reference file="logger.h" line="86" />
</extent>
<extent>
<description>pass by reference</description>
<source_reference file="logger.h" line="86" />
</extent>
<extent>
<description>pass by reference</description>
<source_reference file="logger.h" line="93" />
</extent>
<extent>
<description>pass by reference</description>
<source_reference file="logger.h" line="99" />
</extent>
<extent>
<description>pass by reference</description>
<source_reference file="logger.h" line="99" />
</extent>
<name>Payment</name>
<visible>true</visible>
<concrete>true</concrete>
<extent>
<description>has by value</description>
<source_reference file="Payment/payment.h" line="23" />
</extent>
<extent>
<description>has by value</description>
<source_reference file="Payment/payment.h" line="28" />
</extent>
<name>Purchase</name>
<visible>true</visible>
<concrete>true</concrete>
<extent>
<description>has by value</description>
<source_reference file="Purchase/purchase.h" line="23" />
</extent>
<extent>
<description>has by value</description>
<source_reference file="Purchase/purchase.h" line="28" />
</extent>
<name>User</name>
<visible>true</visible>
<concrete>true</concrete>
<extent>
<description>has by value</description>
<source_reference file="User/user.h" line="23" />
</extent>
<extent>
<description>pass by value</description>
<source_reference file="User/user.h" line="26" />
</extent>
<name>UserTable</name>
<visible>true</visible>
<concrete>false</concrete>
<extent>
<description>pass by reference</description>
<source_reference file="User/usertable.cpp" line="143" />
</extent>
</client_module>
<supplier_module>
</supplier_module>
</module>
</structural_detail>
</CCCC_Project>
