<?xml version="1.0" encoding="utf-8"?>
<!--Detailed report on module UserMethods-->
<CCCC_Project>
<module_summary>
<lines_of_code value="391" level="0" />
<lines_of_code_per_member_function value="******" level="0" />
<McCabes_cyclomatic_complexity value="80" level="0" />
<McCabes_cyclomatic_complexity_per_member_function value="******" level="2" />
<lines_of_code value="35" level="0" />
<lines_of_code_per_member_function value="********" level="2" />
<lines_of_code_per_line_of_comment value="11.171" level="1" />
<McCabes_cyclomatic_complexity_per_line_of_comment value="2.286" level="0" />
<weighted_methods_per_class_unity value="9" level="0" />
<weighted_methods_per_class_visibility value="1" level="0" />
<depth_of_inheritance_tree value="0" level="0" />
<number_of_children value="0" level="0" />
<coupling_between_objects value="1" level="0" />
<IF4 value="0" level="0" />
<IF4_per_member_function value="********" level="0" />
<IF4_visible value="0" level="0" />
<IF4_visible_per_member_function value="********" level="0" />
<IF4_concrete value="0" level="0" />
<IF4_concrete_per_member_function value="********" level="0" />
</module_summary>
<module_detail>
<description>definition</description>
<source_reference file="User/usermethods.h" line="5" />
<lines_of_code value="4" level="0" />
<McCabes_cyclomatic_complexity value="0" level="0" />
<lines_of_comment value="0" level="0" />
<lines_of_code_per_line_of_comment value="------" level="0" />
<McCabes_cyclomatic_complexity_per_line_of_comment value="------" level="0" />
</module_detail>
<procedural_detail>
<member_function>
<name>UserMethods()</name>
<extent>
<description>definition</description>
<source_reference file="User/usermethods.h" line="7" />
</extent>
<lines_of_code value="2" level="0" />
<McCabes_cyclomatic_complexity value="0" level="0" />
<lines_of_comment value="0" level="0" />
<lines_of_code_per_line_of_comment value="------" level="0" />
<McCabes_cyclomatic_complexity_per_line_of_comment value="------" level="0" />
</member_function>
<member_function>
<name>balance(User &amp;)</name>
<extent>
<description>definition</description>
<source_reference file="User/usermethods.cpp" line="15" />
</extent>
<extent>
<description>declaration</description>
<source_reference file="User/usermethods.h" line="22" />
</extent>
<lines_of_code value="23" level="0" />
<McCabes_cyclomatic_complexity value="3" level="0" />
<lines_of_comment value="3" level="0" />
<lines_of_code_per_line_of_comment value="7.667" level="1" />
<McCabes_cyclomatic_complexity_per_line_of_comment value="------" level="0" />
</member_function>
<member_function>
<name>deposit(User &amp;)</name>
<extent>
<description>definition</description>
<source_reference file="User/usermethods.cpp" line="42" />
</extent>
<extent>
<description>declaration</description>
<source_reference file="User/usermethods.h" line="34" />
</extent>
<lines_of_code value="60" level="1" />
<McCabes_cyclomatic_complexity value="15" level="1" />
<lines_of_comment value="6" level="0" />
<lines_of_code_per_line_of_comment value="10.000" level="1" />
<McCabes_cyclomatic_complexity_per_line_of_comment value="2.500" level="0" />
</member_function>
<member_function>
<name>makeCreditPayment(User &amp;)</name>
<extent>
<description>definition</description>
<source_reference file="User/usermethods.cpp" line="366" />
</extent>
<extent>
<description>declaration</description>
<source_reference file="User/usermethods.h" line="46" />
</extent>
<lines_of_code value="21" level="0" />
<McCabes_cyclomatic_complexity value="3" level="0" />
<lines_of_comment value="4" level="0" />
<lines_of_code_per_line_of_comment value="5.250" level="0" />
<McCabes_cyclomatic_complexity_per_line_of_comment value="------" level="0" />
</member_function>
<member_function>
<name>purchasesInMonth(User &amp;)</name>
<extent>
<description>definition</description>
<source_reference file="User/usermethods.cpp" line="315" />
</extent>
<extent>
<description>declaration</description>
<source_reference file="User/usermethods.h" line="50" />
</extent>
<lines_of_code value="38" level="1" />
<McCabes_cyclomatic_complexity value="5" level="0" />
<lines_of_comment value="5" level="0" />
<lines_of_code_per_line_of_comment value="7.600" level="1" />
<McCabes_cyclomatic_complexity_per_line_of_comment value="1.000" level="0" />
</member_function>
<member_function>
<name>transferFunds(User &amp;)</name>
<extent>
<description>definition</description>
<source_reference file="User/usermethods.cpp" line="186" />
</extent>
<extent>
<description>declaration</description>
<source_reference file="User/usermethods.h" line="40" />
</extent>
<lines_of_code value="119" level="2" />
<McCabes_cyclomatic_complexity value="26" level="1" />
<lines_of_comment value="4" level="0" />
<lines_of_code_per_line_of_comment value="29.750" level="1" />
<McCabes_cyclomatic_complexity_per_line_of_comment value="6.500" level="1" />
</member_function>
<member_function>
<name>userCommandList()</name>
<extent>
<description>definition</description>
<source_reference file="User/usermethods.cpp" line="390" />
</extent>
<extent>
<description>declaration</description>
<source_reference file="User/usermethods.h" line="56" />
</extent>
<lines_of_code value="12" level="0" />
<McCabes_cyclomatic_complexity value="0" level="0" />
<lines_of_comment value="3" level="0" />
<lines_of_code_per_line_of_comment value="------" level="0" />
<McCabes_cyclomatic_complexity_per_line_of_comment value="------" level="0" />
</member_function>
<member_function>
<name>userCommandSelect(User &amp;)</name>
<extent>
<description>definition</description>
<source_reference file="User/usermethods.cpp" line="404" />
</extent>
<extent>
<description>declaration</description>
<source_reference file="User/usermethods.h" line="14" />
</extent>
<lines_of_code value="46" level="1" />
<McCabes_cyclomatic_complexity value="11" level="1" />
<lines_of_comment value="5" level="0" />
<lines_of_code_per_line_of_comment value="9.200" level="1" />
<McCabes_cyclomatic_complexity_per_line_of_comment value="2.200" level="0" />
</member_function>
<member_function>
<name>withdraw(User &amp;)</name>
<extent>
<description>definition</description>
<source_reference file="User/usermethods.cpp" line="111" />
</extent>
<extent>
<description>declaration</description>
<source_reference file="User/usermethods.h" line="28" />
</extent>
<lines_of_code value="66" level="1" />
<McCabes_cyclomatic_complexity value="17" level="1" />
<lines_of_comment value="5" level="0" />
<lines_of_code_per_line_of_comment value="13.200" level="1" />
<McCabes_cyclomatic_complexity_per_line_of_comment value="3.400" level="0" />
</member_function>
</procedural_detail>
<structural_detail>
<module>
<name>UserMethods</name>
<client_module>
</client_module>
<supplier_module>
<name>User</name>
<visible>true</visible>
<concrete>false</concrete>
<extent>
<description>pass by reference</description>
<source_reference file="User/usermethods.cpp" line="15" />
</extent>
<extent>
<description>pass by reference</description>
<source_reference file="User/usermethods.cpp" line="42" />
</extent>
<extent>
<description>pass by reference</description>
<source_reference file="User/usermethods.cpp" line="111" />
</extent>
<extent>
<description>pass by reference</description>
<source_reference file="User/usermethods.cpp" line="186" />
</extent>
<extent>
<description>pass by reference</description>
<source_reference file="User/usermethods.cpp" line="315" />
</extent>
<extent>
<description>pass by reference</description>
<source_reference file="User/usermethods.cpp" line="366" />
</extent>
<extent>
<description>pass by reference</description>
<source_reference file="User/usermethods.cpp" line="404" />
</extent>
<extent>
<description>pass by reference</description>
<source_reference file="User/usermethods.h" line="14" />
</extent>
<extent>
<description>pass by reference</description>
<source_reference file="User/usermethods.h" line="22" />
</extent>
<extent>
<description>pass by reference</description>
<source_reference file="User/usermethods.h" line="28" />
</extent>
<extent>
<description>pass by reference</description>
<source_reference file="User/usermethods.h" line="34" />
</extent>
<extent>
<description>pass by reference</description>
<source_reference file="User/usermethods.h" line="40" />
</extent>
<extent>
<description>pass by reference</description>
<source_reference file="User/usermethods.h" line="46" />
</extent>
<extent>
<description>pass by reference</description>
<source_reference file="User/usermethods.h" line="50" />
</extent>
</supplier_module>
</module>
</structural_detail>
</CCCC_Project>
