<?xml version="1.0" encoding="utf-8"?>
<!--Detailed report on module UserTable-->
<CCCC_Project>
<module_summary>
<lines_of_code value="178" level="0" />
<lines_of_code_per_member_function value="******" level="0" />
<McCabes_cyclomatic_complexity value="29" level="0" />
<McCabes_cyclomatic_complexity_per_member_function value="******" level="2" />
<lines_of_code value="48" level="0" />
<lines_of_code_per_member_function value="********" level="2" />
<lines_of_code_per_line_of_comment value="3.708" level="0" />
<McCabes_cyclomatic_complexity_per_line_of_comment value="0.604" level="0" />
<weighted_methods_per_class_unity value="12" level="0" />
<weighted_methods_per_class_visibility value="4" level="0" />
<depth_of_inheritance_tree value="0" level="0" />
<number_of_children value="0" level="0" />
<coupling_between_objects value="3" level="0" />
<IF4 value="0" level="0" />
<IF4_per_member_function value="********" level="0" />
<IF4_visible value="0" level="0" />
<IF4_visible_per_member_function value="********" level="0" />
<IF4_concrete value="0" level="0" />
<IF4_concrete_per_member_function value="********" level="0" />
</module_summary>
<module_detail>
<description>definition</description>
<source_reference file="User/usertable.h" line="19" />
<lines_of_code value="3" level="0" />
<McCabes_cyclomatic_complexity value="0" level="0" />
<lines_of_comment value="1" level="0" />
<lines_of_code_per_line_of_comment value="------" level="0" />
<McCabes_cyclomatic_complexity_per_line_of_comment value="------" level="0" />
</module_detail>
<procedural_detail>
<member_function>
<name>Authenticate(...)</name>
<extent>
<description>definition</description>
<source_reference file="User/usertable.cpp" line="163" />
</extent>
<extent>
<description>declaration</description>
<source_reference file="User/usertable.h" line="32" />
</extent>
<lines_of_code value="17" level="0" />
<McCabes_cyclomatic_complexity value="2" level="0" />
<lines_of_comment value="10" level="0" />
<lines_of_code_per_line_of_comment value="------" level="0" />
<McCabes_cyclomatic_complexity_per_line_of_comment value="------" level="0" />
</member_function>
<member_function>
<name>CreateUser(...)</name>
<extent>
<description>definition</description>
<source_reference file="User/usertable.cpp" line="85" />
</extent>
<extent>
<description>declaration</description>
<source_reference file="User/usertable.h" line="63" />
</extent>
<lines_of_code value="43" level="1" />
<McCabes_cyclomatic_complexity value="8" level="0" />
<lines_of_comment value="12" level="0" />
<lines_of_code_per_line_of_comment value="3.583" level="0" />
<McCabes_cyclomatic_complexity_per_line_of_comment value="0.667" level="0" />
</member_function>
<member_function>
<name>DeleteUser(...)</name>
<extent>
<description>definition</description>
<source_reference file="User/usertable.cpp" line="189" />
</extent>
<extent>
<description>declaration</description>
<source_reference file="User/usertable.h" line="71" />
</extent>
<lines_of_code value="20" level="0" />
<McCabes_cyclomatic_complexity value="4" level="0" />
<lines_of_comment value="6" level="0" />
<lines_of_code_per_line_of_comment value="3.333" level="0" />
<McCabes_cyclomatic_complexity_per_line_of_comment value="------" level="0" />
</member_function>
<member_function>
<name>FreezeCredit(User &amp;)</name>
<extent>
<description>definition</description>
<source_reference file="User/usertable.cpp" line="233" />
</extent>
<extent>
<description>declaration</description>
<source_reference file="User/usertable.h" line="73" />
</extent>
<lines_of_code value="11" level="0" />
<McCabes_cyclomatic_complexity value="2" level="0" />
<lines_of_comment value="0" level="0" />
<lines_of_code_per_line_of_comment value="------" level="0" />
<McCabes_cyclomatic_complexity_per_line_of_comment value="------" level="0" />
</member_function>
<member_function>
<name>GetAllUsers(vector &amp;)</name>
<extent>
<description>definition</description>
<source_reference file="User/usertable.cpp" line="69" />
</extent>
<extent>
<description>declaration</description>
<source_reference file="User/usertable.h" line="46" />
</extent>
<lines_of_code value="12" level="0" />
<McCabes_cyclomatic_complexity value="2" level="0" />
<lines_of_comment value="4" level="0" />
<lines_of_code_per_line_of_comment value="------" level="0" />
<McCabes_cyclomatic_complexity_per_line_of_comment value="------" level="0" />
</member_function>
<member_function>
<name>GetUser(...)</name>
<extent>
<description>declaration</description>
<source_reference file="User/usertable.h" line="53" />
</extent>
<lines_of_code value="1" level="0" />
<McCabes_cyclomatic_complexity value="0" level="0" />
<lines_of_comment value="5" level="0" />
<lines_of_code_per_line_of_comment value="------" level="0" />
<McCabes_cyclomatic_complexity_per_line_of_comment value="------" level="0" />
</member_function>
<member_function>
<name>GetUser(const string &amp;,User &amp;)</name>
<extent>
<description>definition</description>
<source_reference file="User/usertable.cpp" line="143" />
</extent>
<lines_of_code value="11" level="0" />
<McCabes_cyclomatic_complexity value="1" level="0" />
<lines_of_comment value="3" level="0" />
<lines_of_code_per_line_of_comment value="------" level="0" />
<McCabes_cyclomatic_complexity_per_line_of_comment value="------" level="0" />
</member_function>
<member_function>
<name>ImbueUser(...)</name>
<extent>
<description>definition</description>
<source_reference file="User/usertable.cpp" line="30" />
</extent>
<extent>
<description>declaration</description>
<source_reference file="User/usertable.h" line="40" />
</extent>
<lines_of_code value="31" level="1" />
<McCabes_cyclomatic_complexity value="6" level="0" />
<lines_of_comment value="7" level="0" />
<lines_of_code_per_line_of_comment value="4.429" level="0" />
<McCabes_cyclomatic_complexity_per_line_of_comment value="0.857" level="0" />
</member_function>
<member_function>
<name>SetCreditLimit(...)</name>
<extent>
<description>definition</description>
<source_reference file="User/usertable.cpp" line="247" />
</extent>
<extent>
<description>declaration</description>
<source_reference file="User/usertable.h" line="78" />
</extent>
<lines_of_code value="12" level="0" />
<McCabes_cyclomatic_complexity value="2" level="0" />
<lines_of_comment value="0" level="0" />
<lines_of_code_per_line_of_comment value="------" level="0" />
<McCabes_cyclomatic_complexity_per_line_of_comment value="------" level="0" />
</member_function>
<member_function>
<name>UnFreezeCredit(User &amp;)</name>
<extent>
<description>definition</description>
<source_reference file="User/usertable.cpp" line="219" />
</extent>
<extent>
<description>declaration</description>
<source_reference file="User/usertable.h" line="76" />
</extent>
<lines_of_code value="11" level="0" />
<McCabes_cyclomatic_complexity value="2" level="0" />
<lines_of_comment value="0" level="0" />
<lines_of_code_per_line_of_comment value="------" level="0" />
<McCabes_cyclomatic_complexity_per_line_of_comment value="------" level="0" />
</member_function>
<member_function>
<name>UserTable()</name>
<extent>
<description>definition</description>
<source_reference file="User/usertable.cpp" line="24" />
</extent>
<extent>
<description>declaration</description>
<source_reference file="User/usertable.h" line="21" />
</extent>
<lines_of_code value="3" level="0" />
<McCabes_cyclomatic_complexity value="0" level="0" />
<lines_of_comment value="0" level="0" />
<lines_of_code_per_line_of_comment value="------" level="0" />
<McCabes_cyclomatic_complexity_per_line_of_comment value="------" level="0" />
</member_function>
<member_function>
<name>~UserTable()</name>
<extent>
<description>definition</description>
<source_reference file="User/usertable.cpp" line="27" />
</extent>
<extent>
<description>declaration</description>
<source_reference file="User/usertable.h" line="22" />
</extent>
<lines_of_code value="3" level="0" />
<McCabes_cyclomatic_complexity value="0" level="0" />
<lines_of_comment value="0" level="0" />
<lines_of_code_per_line_of_comment value="------" level="0" />
<McCabes_cyclomatic_complexity_per_line_of_comment value="------" level="0" />
</member_function>
</procedural_detail>
<structural_detail>
<module>
<name>UserTable</name>
<client_module>
</client_module>
<supplier_module>
<name>User</name>
<visible>true</visible>
<concrete>false</concrete>
<extent>
<description>pass by reference</description>
<source_reference file="User/usertable.cpp" line="143" />
</extent>
<extent>
<description>pass by reference</description>
<source_reference file="User/usertable.cpp" line="219" />
</extent>
<extent>
<description>pass by reference</description>
<source_reference file="User/usertable.cpp" line="233" />
</extent>
<extent>
<description>pass by reference</description>
<source_reference file="User/usertable.h" line="73" />
</extent>
<extent>
<description>pass by reference</description>
<source_reference file="User/usertable.h" line="76" />
</extent>
<name>string</name>
<visible>true</visible>
<concrete>false</concrete>
<extent>
<description>pass by reference</description>
<source_reference file="User/usertable.cpp" line="143" />
</extent>
<name>vector</name>
<visible>true</visible>
<concrete>false</concrete>
<extent>
<description>pass by reference</description>
<source_reference file="User/usertable.cpp" line="69" />
</extent>
<extent>
<description>pass by reference</description>
<source_reference file="User/usertable.h" line="46" />
</extent>
</supplier_module>
</module>
</structural_detail>
</CCCC_Project>
