<?xml version="1.0" encoding="utf-8"?>
<!--Detailed report on module User-->
<CCCC_Project>
<module_summary>
<lines_of_code value="24" level="0" />
<lines_of_code_per_member_function value="******" level="0" />
<McCabes_cyclomatic_complexity value="0" level="0" />
<McCabes_cyclomatic_complexity_per_member_function value="******" level="0" />
<lines_of_code value="0" level="0" />
<lines_of_code_per_member_function value="********" level="0" />
<lines_of_code_per_line_of_comment value="******" level="2" />
<McCabes_cyclomatic_complexity_per_line_of_comment value="------" level="0" />
<weighted_methods_per_class_unity value="2" level="0" />
<weighted_methods_per_class_visibility value="1" level="0" />
<depth_of_inheritance_tree value="0" level="0" />
<number_of_children value="0" level="0" />
<coupling_between_objects value="13" level="0" />
<IF4 value="1600" level="2" />
<IF4_per_member_function value="********" level="2" />
<IF4_visible value="1600" level="2" />
<IF4_visible_per_member_function value="********" level="2" />
<IF4_concrete value="100" level="1" />
<IF4_concrete_per_member_function value="********" level="2" />
</module_summary>
<module_detail>
<description>definition</description>
<source_reference file="User/user.h" line="19" />
<lines_of_code value="14" level="0" />
<McCabes_cyclomatic_complexity value="0" level="0" />
<lines_of_comment value="0" level="0" />
<lines_of_code_per_line_of_comment value="------" level="0" />
<McCabes_cyclomatic_complexity_per_line_of_comment value="------" level="0" />
</module_detail>
<procedural_detail>
<member_function>
<name>User()</name>
<extent>
<description>definition</description>
<source_reference file="User/user.cpp" line="9" />
</extent>
<extent>
<description>declaration</description>
<source_reference file="User/user.h" line="22" />
</extent>
<lines_of_code value="9" level="0" />
<McCabes_cyclomatic_complexity value="0" level="0" />
<lines_of_comment value="0" level="0" />
<lines_of_code_per_line_of_comment value="------" level="0" />
<McCabes_cyclomatic_complexity_per_line_of_comment value="------" level="0" />
</member_function>
<member_function>
<name>User(string)</name>
<extent>
<description>declaration</description>
<source_reference file="User/user.h" line="26" />
</extent>
<lines_of_code value="1" level="0" />
<McCabes_cyclomatic_complexity value="0" level="0" />
<lines_of_comment value="0" level="0" />
<lines_of_code_per_line_of_comment value="------" level="0" />
<McCabes_cyclomatic_complexity_per_line_of_comment value="------" level="0" />
</member_function>
</procedural_detail>
<structural_detail>
<module>
<name>User</name>
<client_module>
<name>FundMovementValidation</name>
<visible>true</visible>
<concrete>false</concrete>
<extent>
<description>pass by reference</description>
<source_reference file="Account/fundmovementvalidation.cpp" line="98" />
</extent>
<extent>
<description>pass by reference</description>
<source_reference file="Account/fundmovementvalidation.h" line="45" />
</extent>
<name>MaintenanceMethods</name>
<visible>true</visible>
<concrete>false</concrete>
<extent>
<description>pass by reference</description>
<source_reference file="User/maintenancemethods.cpp" line="12" />
</extent>
<extent>
<description>pass by reference</description>
<source_reference file="User/maintenancemethods.cpp" line="34" />
</extent>
<extent>
<description>pass by reference</description>
<source_reference file="User/maintenancemethods.cpp" line="64" />
</extent>
<extent>
<description>pass by reference</description>
<source_reference file="User/maintenancemethods.h" line="13" />
</extent>
<extent>
<description>pass by reference</description>
<source_reference file="User/maintenancemethods.h" line="21" />
</extent>
<extent>
<description>pass by reference</description>
<source_reference file="User/maintenancemethods.h" line="27" />
</extent>
<name>ManagerMethods</name>
<visible>true</visible>
<concrete>false</concrete>
<extent>
<description>pass by reference</description>
<source_reference file="User/managermethods.cpp" line="545" />
</extent>
<extent>
<description>pass by reference</description>
<source_reference file="User/managermethods.h" line="22" />
</extent>
<name>Payment</name>
<visible>true</visible>
<concrete>true</concrete>
<extent>
<description>has by value</description>
<source_reference file="Payment/payment.h" line="32" />
</extent>
<name>Purchase</name>
<visible>true</visible>
<concrete>true</concrete>
<extent>
<description>has by value</description>
<source_reference file="Purchase/purchase.h" line="32" />
</extent>
<name>UserMethods</name>
<visible>true</visible>
<concrete>false</concrete>
<extent>
<description>pass by reference</description>
<source_reference file="User/usermethods.cpp" line="15" />
</extent>
<extent>
<description>pass by reference</description>
<source_reference file="User/usermethods.cpp" line="42" />
</extent>
<extent>
<description>pass by reference</description>
<source_reference file="User/usermethods.cpp" line="111" />
</extent>
<extent>
<description>pass by reference</description>
<source_reference file="User/usermethods.cpp" line="186" />
</extent>
<extent>
<description>pass by reference</description>
<source_reference file="User/usermethods.cpp" line="315" />
</extent>
<extent>
<description>pass by reference</description>
<source_reference file="User/usermethods.cpp" line="366" />
</extent>
<extent>
<description>pass by reference</description>
<source_reference file="User/usermethods.cpp" line="404" />
</extent>
<extent>
<description>pass by reference</description>
<source_reference file="User/usermethods.h" line="14" />
</extent>
<extent>
<description>pass by reference</description>
<source_reference file="User/usermethods.h" line="22" />
</extent>
<extent>
<description>pass by reference</description>
<source_reference file="User/usermethods.h" line="28" />
</extent>
<extent>
<description>pass by reference</description>
<source_reference file="User/usermethods.h" line="34" />
</extent>
<extent>
<description>pass by reference</description>
<source_reference file="User/usermethods.h" line="40" />
</extent>
<extent>
<description>pass by reference</description>
<source_reference file="User/usermethods.h" line="46" />
</extent>
<extent>
<description>pass by reference</description>
<source_reference file="User/usermethods.h" line="50" />
</extent>
<name>UserTable</name>
<visible>true</visible>
<concrete>false</concrete>
<extent>
<description>pass by reference</description>
<source_reference file="User/usertable.cpp" line="143" />
</extent>
<extent>
<description>pass by reference</description>
<source_reference file="User/usertable.cpp" line="219" />
</extent>
<extent>
<description>pass by reference</description>
<source_reference file="User/usertable.cpp" line="233" />
</extent>
<extent>
<description>pass by reference</description>
<source_reference file="User/usertable.h" line="73" />
</extent>
<extent>
<description>pass by reference</description>
<source_reference file="User/usertable.h" line="76" />
</extent>
<name>usermethods</name>
<visible>true</visible>
<concrete>false</concrete>
<extent>
<description>pass by reference</description>
<source_reference file="VendorSystem/usermethods.cpp" line="23" />
</extent>
<extent>
<description>pass by reference</description>
<source_reference file="VendorSystem/usermethods.cpp" line="35" />
</extent>
<extent>
<description>pass by reference</description>
<source_reference file="VendorSystem/usermethods.cpp" line="89" />
</extent>
<extent>
<description>pass by reference</description>
<source_reference file="VendorSystem/usermethods.h" line="18" />
</extent>
<extent>
<description>pass by reference</description>
<source_reference file="VendorSystem/usermethods.h" line="21" />
</extent>
<extent>
<description>pass by reference</description>
<source_reference file="VendorSystem/usermethods.h" line="23" />
</extent>
</client_module>
<supplier_module>
<name>ChequingAccount</name>
<visible>true</visible>
<concrete>true</concrete>
<extent>
<description>has by value</description>
<source_reference file="User/user.h" line="31" />
</extent>
<name>CreditAccount</name>
<visible>true</visible>
<concrete>true</concrete>
<extent>
<description>has by value</description>
<source_reference file="User/user.h" line="33" />
</extent>
<name>SavingsAccount</name>
<visible>true</visible>
<concrete>true</concrete>
<extent>
<description>has by value</description>
<source_reference file="User/user.h" line="32" />
</extent>
<name>bool</name>
<visible>true</visible>
<concrete>true</concrete>
<extent>
<description>has by value</description>
<source_reference file="User/user.h" line="29" />
</extent>
<extent>
<description>has by value</description>
<source_reference file="User/user.h" line="34" />
</extent>
<name>string</name>
<visible>true</visible>
<concrete>true</concrete>
<extent>
<description>has by value</description>
<source_reference file="User/user.h" line="23" />
</extent>
<extent>
<description>pass by value</description>
<source_reference file="User/user.h" line="26" />
</extent>
</supplier_module>
</module>
</structural_detail>
</CCCC_Project>
