<?xml version="1.0" encoding="utf-8"?>
<!--Detailed report on module Db-->
<CCCC_Project>
<module_summary>
<lines_of_code value="88" level="0" />
<lines_of_code_per_member_function value="******" level="0" />
<McCabes_cyclomatic_complexity value="16" level="0" />
<McCabes_cyclomatic_complexity_per_member_function value="******" level="2" />
<lines_of_code value="56" level="0" />
<lines_of_code_per_member_function value="********" level="2" />
<lines_of_code_per_line_of_comment value="1.571" level="0" />
<McCabes_cyclomatic_complexity_per_line_of_comment value="0.286" level="0" />
<weighted_methods_per_class_unity value="12" level="0" />
<weighted_methods_per_class_visibility value="2" level="0" />
<depth_of_inheritance_tree value="0" level="0" />
<number_of_children value="0" level="0" />
<coupling_between_objects value="3" level="0" />
<IF4 value="0" level="0" />
<IF4_per_member_function value="********" level="0" />
<IF4_visible value="0" level="0" />
<IF4_visible_per_member_function value="********" level="0" />
<IF4_concrete value="0" level="0" />
<IF4_concrete_per_member_function value="********" level="0" />
</module_summary>
<module_detail>
<description>definition</description>
<source_reference file="Db/db.h" line="46" />
<lines_of_code value="5" level="0" />
<McCabes_cyclomatic_complexity value="0" level="0" />
<lines_of_comment value="4" level="0" />
<lines_of_code_per_line_of_comment value="------" level="0" />
<McCabes_cyclomatic_complexity_per_line_of_comment value="------" level="0" />
</module_detail>
<procedural_detail>
<member_function>
<name>Connect()</name>
<extent>
<description>definition</description>
<source_reference file="Db/db.cpp" line="30" />
</extent>
<extent>
<description>declaration</description>
<source_reference file="Db/db.h" line="57" />
</extent>
<lines_of_code value="8" level="0" />
<McCabes_cyclomatic_complexity value="2" level="0" />
<lines_of_comment value="5" level="0" />
<lines_of_code_per_line_of_comment value="------" level="0" />
<McCabes_cyclomatic_complexity_per_line_of_comment value="------" level="0" />
</member_function>
<member_function>
<name>Db()</name>
<extent>
<description>definition</description>
<source_reference file="Db/db.cpp" line="17" />
</extent>
<extent>
<description>declaration</description>
<source_reference file="Db/db.h" line="80" />
</extent>
<lines_of_code value="3" level="0" />
<McCabes_cyclomatic_complexity value="0" level="0" />
<lines_of_comment value="0" level="0" />
<lines_of_code_per_line_of_comment value="------" level="0" />
<McCabes_cyclomatic_complexity_per_line_of_comment value="------" level="0" />
</member_function>
<member_function>
<name>Disconnect()</name>
<extent>
<description>definition</description>
<source_reference file="Db/db.cpp" line="25" />
</extent>
<extent>
<description>declaration</description>
<source_reference file="Db/db.h" line="124" />
</extent>
<lines_of_code value="5" level="0" />
<McCabes_cyclomatic_complexity value="0" level="0" />
<lines_of_comment value="1" level="0" />
<lines_of_code_per_line_of_comment value="------" level="0" />
<McCabes_cyclomatic_complexity_per_line_of_comment value="------" level="0" />
</member_function>
<member_function>
<name>EscapeSqlValue(...)</name>
<extent>
<description>definition</description>
<source_reference file="Db/db.cpp" line="97" />
</extent>
<extent>
<description>declaration</description>
<source_reference file="Db/db.h" line="103" />
</extent>
<lines_of_code value="15" level="0" />
<McCabes_cyclomatic_complexity value="4" level="0" />
<lines_of_comment value="6" level="0" />
<lines_of_code_per_line_of_comment value="------" level="0" />
<McCabes_cyclomatic_complexity_per_line_of_comment value="------" level="0" />
</member_function>
<member_function>
<name>ExecuteNonQuery(...)</name>
<extent>
<description>definition</description>
<source_reference file="Db/db.cpp" line="85" />
</extent>
<extent>
<description>declaration</description>
<source_reference file="Db/db.h" line="96" />
</extent>
<lines_of_code value="10" level="0" />
<McCabes_cyclomatic_complexity value="2" level="0" />
<lines_of_comment value="6" level="0" />
<lines_of_code_per_line_of_comment value="------" level="0" />
<McCabes_cyclomatic_complexity_per_line_of_comment value="------" level="0" />
</member_function>
<member_function>
<name>GetElementByName(...)</name>
<extent>
<description>definition</description>
<source_reference file="Db/db.cpp" line="38" />
</extent>
<extent>
<description>declaration</description>
<source_reference file="Db/db.h" line="75" />
</extent>
<lines_of_code value="19" level="0" />
<McCabes_cyclomatic_complexity value="6" level="0" />
<lines_of_comment value="10" level="0" />
<lines_of_code_per_line_of_comment value="------" level="0" />
<McCabes_cyclomatic_complexity_per_line_of_comment value="0.600" level="0" />
</member_function>
<member_function>
<name>Insert(...)</name>
<extent>
<description>definition</description>
<source_reference file="Db/db.cpp" line="60" />
</extent>
<extent>
<description>declaration</description>
<source_reference file="Db/db.h" line="88" />
</extent>
<lines_of_code value="10" level="0" />
<McCabes_cyclomatic_complexity value="2" level="0" />
<lines_of_comment value="5" level="0" />
<lines_of_code_per_line_of_comment value="------" level="0" />
<McCabes_cyclomatic_complexity_per_line_of_comment value="------" level="0" />
</member_function>
<member_function>
<name>ParamertizedQuery(string,vector)</name>
<extent>
<description>declaration</description>
<source_reference file="Db/db.h" line="115" />
</extent>
<lines_of_code value="1" level="0" />
<McCabes_cyclomatic_complexity value="0" level="0" />
<lines_of_comment value="10" level="0" />
<lines_of_code_per_line_of_comment value="------" level="0" />
<McCabes_cyclomatic_complexity_per_line_of_comment value="------" level="0" />
</member_function>
<member_function>
<name>PrintSqlDebug(...)</name>
<extent>
<description>definition</description>
<source_reference file="Db/db.cpp" line="79" />
</extent>
<extent>
<description>declaration</description>
<source_reference file="Db/db.h" line="121" />
</extent>
<lines_of_code value="4" level="0" />
<McCabes_cyclomatic_complexity value="0" level="0" />
<lines_of_comment value="1" level="0" />
<lines_of_code_per_line_of_comment value="------" level="0" />
<McCabes_cyclomatic_complexity_per_line_of_comment value="------" level="0" />
</member_function>
<member_function>
<name>PrintSqlError()</name>
<extent>
<description>definition</description>
<source_reference file="Db/db.cpp" line="73" />
</extent>
<extent>
<description>declaration</description>
<source_reference file="Db/db.h" line="118" />
</extent>
<lines_of_code value="4" level="0" />
<McCabes_cyclomatic_complexity value="0" level="0" />
<lines_of_comment value="1" level="0" />
<lines_of_code_per_line_of_comment value="------" level="0" />
<McCabes_cyclomatic_complexity_per_line_of_comment value="------" level="0" />
</member_function>
<member_function>
<name>Select(...)</name>
<extent>
<description>declaration</description>
<source_reference file="Db/db.h" line="66" />
</extent>
<lines_of_code value="1" level="0" />
<McCabes_cyclomatic_complexity value="0" level="0" />
<lines_of_comment value="7" level="0" />
<lines_of_code_per_line_of_comment value="------" level="0" />
<McCabes_cyclomatic_complexity_per_line_of_comment value="------" level="0" />
</member_function>
<member_function>
<name>~Db()</name>
<extent>
<description>definition</description>
<source_reference file="Db/db.cpp" line="20" />
</extent>
<extent>
<description>declaration</description>
<source_reference file="Db/db.h" line="81" />
</extent>
<lines_of_code value="3" level="0" />
<McCabes_cyclomatic_complexity value="0" level="0" />
<lines_of_comment value="0" level="0" />
<lines_of_code_per_line_of_comment value="------" level="0" />
<McCabes_cyclomatic_complexity_per_line_of_comment value="------" level="0" />
</member_function>
</procedural_detail>
<structural_detail>
<module>
<name>Db</name>
<client_module>
</client_module>
<supplier_module>
<name>MYSQL</name>
<visible>false</visible>
<concrete>false</concrete>
<extent>
<description>has by reference</description>
<source_reference file="Db/db.h" line="48" />
</extent>
<name>string</name>
<visible>true</visible>
<concrete>true</concrete>
<extent>
<description>pass by value</description>
<source_reference file="Db/db.h" line="115" />
</extent>
<name>vector</name>
<visible>true</visible>
<concrete>true</concrete>
<extent>
<description>pass by value</description>
<source_reference file="Db/db.h" line="115" />
</extent>
</supplier_module>
</module>
</structural_detail>
</CCCC_Project>
