<?xml version="1.0" encoding="utf-8"?>
<!--Detailed report on module Logger-->
<CCCC_Project>
<module_summary>
<lines_of_code value="147" level="0" />
<lines_of_code_per_member_function value="******" level="0" />
<McCabes_cyclomatic_complexity value="23" level="0" />
<McCabes_cyclomatic_complexity_per_member_function value="******" level="2" />
<lines_of_code value="46" level="0" />
<lines_of_code_per_member_function value="********" level="2" />
<lines_of_code_per_line_of_comment value="3.196" level="0" />
<McCabes_cyclomatic_complexity_per_line_of_comment value="0.500" level="0" />
<weighted_methods_per_class_unity value="10" level="0" />
<weighted_methods_per_class_visibility value="8" level="0" />
<depth_of_inheritance_tree value="0" level="0" />
<number_of_children value="0" level="0" />
<coupling_between_objects value="1" level="0" />
<IF4 value="0" level="0" />
<IF4_per_member_function value="********" level="0" />
<IF4_visible value="0" level="0" />
<IF4_visible_per_member_function value="********" level="0" />
<IF4_concrete value="0" level="0" />
<IF4_concrete_per_member_function value="********" level="0" />
</module_summary>
<module_detail>
<description>definition</description>
<source_reference file="logger.h" line="29" />
<lines_of_code value="6" level="0" />
<McCabes_cyclomatic_complexity value="0" level="0" />
<lines_of_comment value="0" level="0" />
<lines_of_code_per_line_of_comment value="------" level="0" />
<McCabes_cyclomatic_complexity_per_line_of_comment value="------" level="0" />
</module_detail>
<procedural_detail>
<member_function>
<name>Logger()</name>
<extent>
<description>definition</description>
<source_reference file="logger.h" line="33" />
</extent>
<lines_of_code value="2" level="0" />
<McCabes_cyclomatic_complexity value="0" level="0" />
<lines_of_comment value="0" level="0" />
<lines_of_code_per_line_of_comment value="------" level="0" />
<McCabes_cyclomatic_complexity_per_line_of_comment value="------" level="0" />
</member_function>
<member_function>
<name>dblToString(double)</name>
<extent>
<description>definition</description>
<source_reference file="logger.cpp" line="145" />
</extent>
<extent>
<description>declaration</description>
<source_reference file="logger.h" line="96" />
</extent>
<lines_of_code value="7" level="0" />
<McCabes_cyclomatic_complexity value="1" level="0" />
<lines_of_comment value="0" level="0" />
<lines_of_code_per_line_of_comment value="------" level="0" />
<McCabes_cyclomatic_complexity_per_line_of_comment value="------" level="0" />
</member_function>
<member_function>
<name>error(const string &amp;)</name>
<extent>
<description>definition</description>
<source_reference file="logger.cpp" line="15" />
</extent>
<extent>
<description>declaration</description>
<source_reference file="logger.h" line="54" />
</extent>
<lines_of_code value="4" level="0" />
<McCabes_cyclomatic_complexity value="0" level="0" />
<lines_of_comment value="4" level="0" />
<lines_of_code_per_line_of_comment value="------" level="0" />
<McCabes_cyclomatic_complexity_per_line_of_comment value="------" level="0" />
</member_function>
<member_function>
<name>info(const string &amp;)</name>
<extent>
<description>definition</description>
<source_reference file="logger.cpp" line="6" />
</extent>
<extent>
<description>declaration</description>
<source_reference file="logger.h" line="40" />
</extent>
<lines_of_code value="4" level="0" />
<McCabes_cyclomatic_complexity value="0" level="0" />
<lines_of_comment value="4" level="0" />
<lines_of_code_per_line_of_comment value="------" level="0" />
<McCabes_cyclomatic_complexity_per_line_of_comment value="------" level="0" />
</member_function>
<member_function>
<name>log(int,string &amp;)</name>
<extent>
<description>definition</description>
<source_reference file="logger.cpp" line="120" />
</extent>
<extent>
<description>declaration</description>
<source_reference file="logger.h" line="93" />
</extent>
<lines_of_code value="24" level="0" />
<McCabes_cyclomatic_complexity value="6" level="0" />
<lines_of_comment value="5" level="0" />
<lines_of_code_per_line_of_comment value="4.800" level="0" />
<McCabes_cyclomatic_complexity_per_line_of_comment value="1.200" level="0" />
</member_function>
<member_function>
<name>log(int,string &amp;,double,const string &amp;)</name>
<extent>
<description>definition</description>
<source_reference file="logger.cpp" line="81" />
</extent>
<extent>
<description>declaration</description>
<source_reference file="logger.h" line="86" />
</extent>
<lines_of_code value="37" level="1" />
<McCabes_cyclomatic_complexity value="7" level="0" />
<lines_of_comment value="7" level="0" />
<lines_of_code_per_line_of_comment value="5.286" level="0" />
<McCabes_cyclomatic_complexity_per_line_of_comment value="1.000" level="0" />
</member_function>
<member_function>
<name>log(int,string &amp;,double,const string &amp;,const string &amp;,const string &amp;)</name>
<extent>
<description>definition</description>
<source_reference file="logger.cpp" line="36" />
</extent>
<extent>
<description>declaration</description>
<source_reference file="logger.h" line="76" />
</extent>
<lines_of_code value="44" level="1" />
<McCabes_cyclomatic_complexity value="8" level="0" />
<lines_of_comment value="13" level="0" />
<lines_of_code_per_line_of_comment value="3.385" level="0" />
<McCabes_cyclomatic_complexity_per_line_of_comment value="0.615" level="0" />
</member_function>
<member_function>
<name>printToFile(const string &amp;,const string &amp;)</name>
<extent>
<description>definition</description>
<source_reference file="logger.cpp" line="19" />
</extent>
<extent>
<description>declaration</description>
<source_reference file="logger.h" line="99" />
</extent>
<lines_of_code value="11" level="0" />
<McCabes_cyclomatic_complexity value="1" level="0" />
<lines_of_comment value="1" level="0" />
<lines_of_code_per_line_of_comment value="------" level="0" />
<McCabes_cyclomatic_complexity_per_line_of_comment value="------" level="0" />
</member_function>
<member_function>
<name>setLoggingOnOff(int)</name>
<extent>
<description>definition</description>
<source_reference file="logger.cpp" line="151" />
</extent>
<extent>
<description>declaration</description>
<source_reference file="logger.h" line="65" />
</extent>
<lines_of_code value="4" level="0" />
<McCabes_cyclomatic_complexity value="0" level="0" />
<lines_of_comment value="8" level="0" />
<lines_of_code_per_line_of_comment value="------" level="0" />
<McCabes_cyclomatic_complexity_per_line_of_comment value="------" level="0" />
</member_function>
<member_function>
<name>warning(const string &amp;)</name>
<extent>
<description>definition</description>
<source_reference file="logger.cpp" line="11" />
</extent>
<extent>
<description>declaration</description>
<source_reference file="logger.h" line="47" />
</extent>
<lines_of_code value="4" level="0" />
<McCabes_cyclomatic_complexity value="0" level="0" />
<lines_of_comment value="4" level="0" />
<lines_of_code_per_line_of_comment value="------" level="0" />
<McCabes_cyclomatic_complexity_per_line_of_comment value="------" level="0" />
</member_function>
</procedural_detail>
<structural_detail>
<module>
<name>Logger</name>
<client_module>
</client_module>
<supplier_module>
<name>string</name>
<visible>true</visible>
<concrete>false</concrete>
<extent>
<description>pass by reference</description>
<source_reference file="logger.cpp" line="6" />
</extent>
<extent>
<description>pass by reference</description>
<source_reference file="logger.cpp" line="11" />
</extent>
<extent>
<description>pass by reference</description>
<source_reference file="logger.cpp" line="15" />
</extent>
<extent>
<description>pass by reference</description>
<source_reference file="logger.cpp" line="19" />
</extent>
<extent>
<description>pass by reference</description>
<source_reference file="logger.cpp" line="19" />
</extent>
<extent>
<description>pass by reference</description>
<source_reference file="logger.cpp" line="36" />
</extent>
<extent>
<description>pass by reference</description>
<source_reference file="logger.cpp" line="37" />
</extent>
<extent>
<description>pass by reference</description>
<source_reference file="logger.cpp" line="37" />
</extent>
<extent>
<description>pass by reference</description>
<source_reference file="logger.cpp" line="38" />
</extent>
<extent>
<description>pass by reference</description>
<source_reference file="logger.cpp" line="81" />
</extent>
<extent>
<description>pass by reference</description>
<source_reference file="logger.cpp" line="82" />
</extent>
<extent>
<description>pass by reference</description>
<source_reference file="logger.cpp" line="120" />
</extent>
<extent>
<description>pass by reference</description>
<source_reference file="logger.h" line="40" />
</extent>
<extent>
<description>pass by reference</description>
<source_reference file="logger.h" line="47" />
</extent>
<extent>
<description>pass by reference</description>
<source_reference file="logger.h" line="54" />
</extent>
<extent>
<description>pass by reference</description>
<source_reference file="logger.h" line="76" />
</extent>
<extent>
<description>pass by reference</description>
<source_reference file="logger.h" line="76" />
</extent>
<extent>
<description>pass by reference</description>
<source_reference file="logger.h" line="77" />
</extent>
<extent>
<description>pass by reference</description>
<source_reference file="logger.h" line="77" />
</extent>
<extent>
<description>pass by reference</description>
<source_reference file="logger.h" line="86" />
</extent>
<extent>
<description>pass by reference</description>
<source_reference file="logger.h" line="86" />
</extent>
<extent>
<description>pass by reference</description>
<source_reference file="logger.h" line="93" />
</extent>
<extent>
<description>pass by reference</description>
<source_reference file="logger.h" line="99" />
</extent>
<extent>
<description>pass by reference</description>
<source_reference file="logger.h" line="99" />
</extent>
</supplier_module>
</module>
</structural_detail>
</CCCC_Project>
