<?xml version="1.0" encoding="utf-8"?>
<!--Detailed report on module ManagerMethods-->
<CCCC_Project>
<module_summary>
<lines_of_code value="403" level="0" />
<lines_of_code_per_member_function value="******" level="0" />
<McCabes_cyclomatic_complexity value="80" level="0" />
<McCabes_cyclomatic_complexity_per_member_function value="******" level="2" />
<lines_of_code value="27" level="0" />
<lines_of_code_per_member_function value="********" level="2" />
<lines_of_code_per_line_of_comment value="14.926" level="1" />
<McCabes_cyclomatic_complexity_per_line_of_comment value="2.963" level="0" />
<weighted_methods_per_class_unity value="9" level="0" />
<weighted_methods_per_class_visibility value="7" level="0" />
<depth_of_inheritance_tree value="0" level="0" />
<number_of_children value="0" level="0" />
<coupling_between_objects value="1" level="0" />
<IF4 value="0" level="0" />
<IF4_per_member_function value="********" level="0" />
<IF4_visible value="0" level="0" />
<IF4_visible_per_member_function value="********" level="0" />
<IF4_concrete value="0" level="0" />
<IF4_concrete_per_member_function value="********" level="0" />
</module_summary>
<module_detail>
<description>definition</description>
<source_reference file="User/managermethods.h" line="14" />
<lines_of_code value="4" level="0" />
<McCabes_cyclomatic_complexity value="0" level="0" />
<lines_of_comment value="0" level="0" />
<lines_of_code_per_line_of_comment value="------" level="0" />
<McCabes_cyclomatic_complexity_per_line_of_comment value="------" level="0" />
</module_detail>
<procedural_detail>
<member_function>
<name>ManagerMethods()</name>
<extent>
<description>definition</description>
<source_reference file="User/managermethods.cpp" line="8" />
</extent>
<extent>
<description>declaration</description>
<source_reference file="User/managermethods.h" line="16" />
</extent>
<lines_of_code value="4" level="0" />
<McCabes_cyclomatic_complexity value="0" level="0" />
<lines_of_comment value="0" level="0" />
<lines_of_code_per_line_of_comment value="------" level="0" />
<McCabes_cyclomatic_complexity_per_line_of_comment value="------" level="0" />
</member_function>
<member_function>
<name>closeAccount()</name>
<extent>
<description>definition</description>
<source_reference file="User/managermethods.cpp" line="202" />
</extent>
<extent>
<description>declaration</description>
<source_reference file="User/managermethods.h" line="31" />
</extent>
<lines_of_code value="89" level="1" />
<McCabes_cyclomatic_complexity value="22" level="1" />
<lines_of_comment value="3" level="0" />
<lines_of_code_per_line_of_comment value="29.667" level="1" />
<McCabes_cyclomatic_complexity_per_line_of_comment value="7.333" level="1" />
</member_function>
<member_function>
<name>createUser()</name>
<extent>
<description>definition</description>
<source_reference file="User/managermethods.cpp" line="12" />
</extent>
<extent>
<description>declaration</description>
<source_reference file="User/managermethods.h" line="41" />
</extent>
<lines_of_code value="44" level="1" />
<McCabes_cyclomatic_complexity value="5" level="0" />
<lines_of_comment value="3" level="0" />
<lines_of_code_per_line_of_comment value="14.667" level="1" />
<McCabes_cyclomatic_complexity_per_line_of_comment value="1.667" level="0" />
</member_function>
<member_function>
<name>deleteUser()</name>
<extent>
<description>definition</description>
<source_reference file="User/managermethods.cpp" line="63" />
</extent>
<extent>
<description>declaration</description>
<source_reference file="User/managermethods.h" line="46" />
</extent>
<lines_of_code value="47" level="1" />
<McCabes_cyclomatic_complexity value="12" level="1" />
<lines_of_comment value="3" level="0" />
<lines_of_code_per_line_of_comment value="15.667" level="1" />
<McCabes_cyclomatic_complexity_per_line_of_comment value="4.000" level="0" />
</member_function>
<member_function>
<name>getAllUserDetails()</name>
<extent>
<description>definition</description>
<source_reference file="User/managermethods.cpp" line="363" />
</extent>
<extent>
<description>declaration</description>
<source_reference file="User/managermethods.h" line="26" />
</extent>
<lines_of_code value="41" level="1" />
<McCabes_cyclomatic_complexity value="8" level="0" />
<lines_of_comment value="3" level="0" />
<lines_of_code_per_line_of_comment value="13.667" level="1" />
<McCabes_cyclomatic_complexity_per_line_of_comment value="2.667" level="0" />
</member_function>
<member_function>
<name>getUserDetails()</name>
<extent>
<description>definition</description>
<source_reference file="User/managermethods.cpp" line="302" />
</extent>
<extent>
<description>declaration</description>
<source_reference file="User/managermethods.h" line="21" />
</extent>
<lines_of_code value="49" level="1" />
<McCabes_cyclomatic_complexity value="9" level="0" />
<lines_of_comment value="3" level="0" />
<lines_of_code_per_line_of_comment value="16.333" level="1" />
<McCabes_cyclomatic_complexity_per_line_of_comment value="3.000" level="0" />
</member_function>
<member_function>
<name>managerCommandList()</name>
<extent>
<description>definition</description>
<source_reference file="User/managermethods.cpp" line="412" />
</extent>
<extent>
<description>declaration</description>
<source_reference file="User/managermethods.h" line="57" />
</extent>
<lines_of_code value="12" level="0" />
<McCabes_cyclomatic_complexity value="0" level="0" />
<lines_of_comment value="3" level="0" />
<lines_of_code_per_line_of_comment value="------" level="0" />
<McCabes_cyclomatic_complexity_per_line_of_comment value="------" level="0" />
</member_function>
<member_function>
<name>managerCommandSelect(User &amp;)</name>
<extent>
<description>definition</description>
<source_reference file="User/managermethods.cpp" line="425" />
</extent>
<extent>
<description>declaration</description>
<source_reference file="User/managermethods.h" line="52" />
</extent>
<lines_of_code value="45" level="1" />
<McCabes_cyclomatic_complexity value="11" level="1" />
<lines_of_comment value="5" level="0" />
<lines_of_code_per_line_of_comment value="9.000" level="1" />
<McCabes_cyclomatic_complexity_per_line_of_comment value="2.200" level="0" />
</member_function>
<member_function>
<name>openAccount()</name>
<extent>
<description>definition</description>
<source_reference file="User/managermethods.cpp" line="118" />
</extent>
<extent>
<description>declaration</description>
<source_reference file="User/managermethods.h" line="36" />
</extent>
<lines_of_code value="68" level="1" />
<McCabes_cyclomatic_complexity value="13" level="1" />
<lines_of_comment value="4" level="0" />
<lines_of_code_per_line_of_comment value="17.000" level="1" />
<McCabes_cyclomatic_complexity_per_line_of_comment value="3.250" level="0" />
</member_function>
</procedural_detail>
<structural_detail>
<module>
<name>ManagerMethods</name>
<client_module>
</client_module>
<supplier_module>
<name>User</name>
<visible>true</visible>
<concrete>false</concrete>
<extent>
<description>pass by reference</description>
<source_reference file="User/managermethods.cpp" line="425" />
</extent>
<extent>
<description>pass by reference</description>
<source_reference file="User/managermethods.h" line="52" />
</extent>
</supplier_module>
</module>
</structural_detail>
</CCCC_Project>
