<?xml version="1.0" encoding="utf-8"?>
<!--Detailed report on module UserMethods-->
<CCCC_Project>
<module_summary>
<lines_of_code value="315" level="0" />
<lines_of_code_per_member_function value="******" level="0" />
<McCabes_cyclomatic_complexity value="69" level="0" />
<McCabes_cyclomatic_complexity_per_member_function value="******" level="2" />
<lines_of_code value="26" level="0" />
<lines_of_code_per_member_function value="********" level="2" />
<lines_of_code_per_line_of_comment value="12.115" level="1" />
<McCabes_cyclomatic_complexity_per_line_of_comment value="2.654" level="0" />
<weighted_methods_per_class_unity value="7" level="0" />
<weighted_methods_per_class_visibility value="1" level="0" />
<depth_of_inheritance_tree value="0" level="0" />
<number_of_children value="0" level="0" />
<coupling_between_objects value="1" level="0" />
<IF4 value="0" level="0" />
<IF4_per_member_function value="********" level="0" />
<IF4_visible value="0" level="0" />
<IF4_visible_per_member_function value="********" level="0" />
<IF4_concrete value="0" level="0" />
<IF4_concrete_per_member_function value="********" level="0" />
</module_summary>
<module_detail>
<description>definition</description>
<source_reference file="User/usermethods.h" line="5" />
<lines_of_code value="3" level="0" />
<McCabes_cyclomatic_complexity value="0" level="0" />
<lines_of_comment value="0" level="0" />
<lines_of_code_per_line_of_comment value="------" level="0" />
<McCabes_cyclomatic_complexity_per_line_of_comment value="------" level="0" />
</module_detail>
<procedural_detail>
<member_function>
<name>UserMethods()</name>
<extent>
<description>definition</description>
<source_reference file="User/usermethods.h" line="7" />
</extent>
<lines_of_code value="2" level="0" />
<McCabes_cyclomatic_complexity value="0" level="0" />
<lines_of_comment value="0" level="0" />
<lines_of_code_per_line_of_comment value="------" level="0" />
<McCabes_cyclomatic_complexity_per_line_of_comment value="------" level="0" />
</member_function>
<member_function>
<name>balance(User &amp;)</name>
<extent>
<description>definition</description>
<source_reference file="User/usermethods.cpp" line="13" />
</extent>
<extent>
<description>declaration</description>
<source_reference file="User/usermethods.h" line="14" />
</extent>
<lines_of_code value="17" level="0" />
<McCabes_cyclomatic_complexity value="2" level="0" />
<lines_of_comment value="3" level="0" />
<lines_of_code_per_line_of_comment value="------" level="0" />
<McCabes_cyclomatic_complexity_per_line_of_comment value="------" level="0" />
</member_function>
<member_function>
<name>deposit(User &amp;)</name>
<extent>
<description>definition</description>
<source_reference file="User/usermethods.cpp" line="33" />
</extent>
<extent>
<description>declaration</description>
<source_reference file="User/usermethods.h" line="26" />
</extent>
<lines_of_code value="60" level="1" />
<McCabes_cyclomatic_complexity value="15" level="1" />
<lines_of_comment value="6" level="0" />
<lines_of_code_per_line_of_comment value="10.000" level="1" />
<McCabes_cyclomatic_complexity_per_line_of_comment value="2.500" level="0" />
</member_function>
<member_function>
<name>transferFunds(User &amp;)</name>
<extent>
<description>definition</description>
<source_reference file="User/usermethods.cpp" line="177" />
</extent>
<extent>
<description>declaration</description>
<source_reference file="User/usermethods.h" line="32" />
</extent>
<lines_of_code value="119" level="2" />
<McCabes_cyclomatic_complexity value="26" level="1" />
<lines_of_comment value="4" level="0" />
<lines_of_code_per_line_of_comment value="29.750" level="1" />
<McCabes_cyclomatic_complexity_per_line_of_comment value="6.500" level="1" />
</member_function>
<member_function>
<name>userCommandList()</name>
<extent>
<description>definition</description>
<source_reference file="User/usermethods.cpp" line="306" />
</extent>
<extent>
<description>declaration</description>
<source_reference file="User/usermethods.h" line="43" />
</extent>
<lines_of_code value="10" level="0" />
<McCabes_cyclomatic_complexity value="0" level="0" />
<lines_of_comment value="3" level="0" />
<lines_of_code_per_line_of_comment value="------" level="0" />
<McCabes_cyclomatic_complexity_per_line_of_comment value="------" level="0" />
</member_function>
<member_function>
<name>userCommandSelect(User &amp;)</name>
<extent>
<description>definition</description>
<source_reference file="User/usermethods.cpp" line="318" />
</extent>
<extent>
<description>declaration</description>
<source_reference file="User/usermethods.h" line="38" />
</extent>
<lines_of_code value="38" level="1" />
<McCabes_cyclomatic_complexity value="9" level="0" />
<lines_of_comment value="5" level="0" />
<lines_of_code_per_line_of_comment value="7.600" level="1" />
<McCabes_cyclomatic_complexity_per_line_of_comment value="1.800" level="0" />
</member_function>
<member_function>
<name>withdraw(User &amp;)</name>
<extent>
<description>definition</description>
<source_reference file="User/usermethods.cpp" line="102" />
</extent>
<extent>
<description>declaration</description>
<source_reference file="User/usermethods.h" line="20" />
</extent>
<lines_of_code value="66" level="1" />
<McCabes_cyclomatic_complexity value="17" level="1" />
<lines_of_comment value="5" level="0" />
<lines_of_code_per_line_of_comment value="13.200" level="1" />
<McCabes_cyclomatic_complexity_per_line_of_comment value="3.400" level="0" />
</member_function>
</procedural_detail>
<structural_detail>
<module>
<name>UserMethods</name>
<client_module>
</client_module>
<supplier_module>
<name>User</name>
<visible>true</visible>
<concrete>false</concrete>
<extent>
<description>pass by reference</description>
<source_reference file="User/usermethods.cpp" line="13" />
</extent>
<extent>
<description>pass by reference</description>
<source_reference file="User/usermethods.cpp" line="33" />
</extent>
<extent>
<description>pass by reference</description>
<source_reference file="User/usermethods.cpp" line="102" />
</extent>
<extent>
<description>pass by reference</description>
<source_reference file="User/usermethods.cpp" line="177" />
</extent>
<extent>
<description>pass by reference</description>
<source_reference file="User/usermethods.cpp" line="318" />
</extent>
<extent>
<description>pass by reference</description>
<source_reference file="User/usermethods.h" line="14" />
</extent>
<extent>
<description>pass by reference</description>
<source_reference file="User/usermethods.h" line="20" />
</extent>
<extent>
<description>pass by reference</description>
<source_reference file="User/usermethods.h" line="26" />
</extent>
<extent>
<description>pass by reference</description>
<source_reference file="User/usermethods.h" line="32" />
</extent>
<extent>
<description>pass by reference</description>
<source_reference file="User/usermethods.h" line="38" />
</extent>
</supplier_module>
</module>
</structural_detail>
</CCCC_Project>
